subset_id,subset_label,subset_size,k_pct,Precision_mean,Precision_std,Recall_mean,Recall_std,F1_mean,F1_std,DOR_mean,DOR_std,n_obs
0,BIBLIO_ONLY,0,5,0.39507,0.07218,0.15847,0.02896,0.22621,0.04133,5.5309,1.8927,120
0,BIBLIO_ONLY,0,10,0.33239,0.0489,0.26667,0.03923,0.29592,0.04353,4.54092,1.19485,120
0,BIBLIO_ONLY,0,15,0.29597,0.03688,0.35617,0.04439,0.32329,0.04029,4.1338,0.97602,120
0,BIBLIO_ONLY,0,20,0.27236,0.03002,0.43701,0.04817,0.33557,0.03699,3.98858,0.92428,120
1,cross_domain_attack,1,5,0.39073,0.07303,0.15673,0.02929,0.22372,0.04181,5.42171,1.8462,120
1,cross_domain_attack,1,10,0.33128,0.04671,0.26577,0.03747,0.29493,0.04158,4.50334,1.16717,120
1,cross_domain_attack,1,15,0.29824,0.03821,0.3589,0.04599,0.32577,0.04174,4.20877,1.05122,120
1,cross_domain_attack,1,20,0.27347,0.03013,0.43879,0.04835,0.33695,0.03713,4.02781,0.95439,120
2,conf_gap_change,1,5,0.38439,0.07254,0.15419,0.0291,0.22009,0.04154,5.25858,1.79168,120
2,conf_gap_change,1,10,0.32688,0.04505,0.26224,0.03614,0.29101,0.0401,4.38304,1.10236,120
2,conf_gap_change,1,15,0.29609,0.03644,0.35631,0.04385,0.32342,0.0398,4.13468,0.96404,120
2,conf_gap_change,1,20,0.27435,0.02974,0.44021,0.04772,0.33803,0.03665,4.05092,0.91661,120
3,var_conf_pro,1,5,0.39026,0.07496,0.15654,0.03007,0.22345,0.04292,5.42426,1.90375,120
3,var_conf_pro,1,10,0.33058,0.04734,0.26521,0.03798,0.29431,0.04215,4.48554,1.14234,120
3,var_conf_pro,1,15,0.29789,0.03555,0.35847,0.04278,0.32538,0.03883,4.18013,0.94435,120
3,var_conf_pro,1,20,0.27391,0.02843,0.4395,0.04561,0.33749,0.03502,4.02857,0.88314,120
4,H_final,1,5,0.39272,0.07091,0.15753,0.02844,0.22487,0.0406,5.4624,1.85618,120
4,H_final,1,10,0.32559,0.0459,0.26121,0.03682,0.28986,0.04086,4.35315,1.09376,120
4,H_final,1,15,0.29636,0.03833,0.35664,0.04613,0.32372,0.04187,4.15497,1.0315,120
4,H_final,1,20,0.27342,0.02964,0.4387,0.04756,0.33688,0.03652,4.0205,0.91725,120
5,delta_H,1,5,0.38838,0.0693,0.15579,0.0278,0.22238,0.03968,5.34039,1.76868,120
5,delta_H,1,10,0.32418,0.04672,0.26008,0.03748,0.28861,0.0416,4.32528,1.13749,120
5,delta_H,1,15,0.29053,0.03569,0.34962,0.04295,0.31735,0.03899,3.97732,0.92496,120
5,delta_H,1,20,0.27092,0.02815,0.4347,0.04517,0.3338,0.03469,3.93017,0.86313,120
6,semantic_coherence,1,5,0.38897,0.0758,0.15603,0.0304,0.22272,0.0434,5.40521,1.97654,120
6,semantic_coherence,1,10,0.32999,0.04643,0.26474,0.03725,0.29378,0.04134,4.46894,1.15304,120
6,semantic_coherence,1,15,0.29718,0.03289,0.35763,0.03958,0.32462,0.03592,4.14805,0.89622,120
6,semantic_coherence,1,20,0.27383,0.02639,0.43936,0.04235,0.33738,0.03252,4.01341,0.82928,120
7,cross_domain_attack+conf_gap_change,2,5,0.38239,0.0719,0.15339,0.02884,0.21895,0.04117,5.20288,1.73649,120
7,cross_domain_attack+conf_gap_change,2,10,0.32629,0.04899,0.26177,0.0393,0.29049,0.04361,4.39201,1.22771,120
7,cross_domain_attack+conf_gap_change,2,15,0.29707,0.03918,0.35749,0.04714,0.32449,0.04279,4.1809,1.06643,120
7,cross_domain_attack+conf_gap_change,2,20,0.27289,0.03124,0.43785,0.05013,0.33623,0.03849,4.01689,0.98781,120
8,cross_domain_attack+var_conf_pro,2,5,0.38486,0.07267,0.15438,0.02915,0.22036,0.04161,5.27101,1.79352,120
8,cross_domain_attack+var_conf_pro,2,10,0.32934,0.04721,0.26422,0.03787,0.29321,0.04203,4.45435,1.14643,120
8,cross_domain_attack+var_conf_pro,2,15,0.29621,0.0378,0.35645,0.04549,0.32355,0.04129,4.1474,1.01985,120
8,cross_domain_attack+var_conf_pro,2,20,0.27383,0.03059,0.43936,0.04908,0.33738,0.03769,4.03938,0.93771,120
9,cross_domain_attack+H_final,2,5,0.38298,0.07206,0.15363,0.0289,0.21929,0.04126,5.22292,1.78268,120
9,cross_domain_attack+H_final,2,10,0.32729,0.05034,0.26257,0.04038,0.29138,0.04481,4.42301,1.25047,120
9,cross_domain_attack+H_final,2,15,0.29507,0.03809,0.35508,0.04584,0.32231,0.04161,4.11552,1.00062,120
9,cross_domain_attack+H_final,2,20,0.27339,0.03017,0.43865,0.0484,0.33684,0.03717,4.02373,0.93964,120
10,cross_domain_attack+delta_H,2,5,0.37852,0.0669,0.15184,0.02684,0.21673,0.03831,5.08581,1.66763,120
10,cross_domain_attack+delta_H,2,10,0.32318,0.04472,0.25927,0.03588,0.28772,0.03982,4.29165,1.10054,120
10,cross_domain_attack+delta_H,2,15,0.29382,0.03689,0.35358,0.04439,0.32094,0.0403,4.07433,0.97137,120
10,cross_domain_attack+delta_H,2,20,0.27303,0.02811,0.43809,0.04511,0.33641,0.03464,3.99788,0.87121,120
11,cross_domain_attack+semantic_coherence,2,5,0.39249,0.07041,0.15744,0.02824,0.22473,0.04031,5.45652,1.86589,120
11,cross_domain_attack+semantic_coherence,2,10,0.33357,0.04606,0.26761,0.03695,0.29697,0.041,4.5603,1.18322,120
11,cross_domain_attack+semantic_coherence,2,15,0.30192,0.03725,0.36332,0.04483,0.32979,0.04069,4.30943,1.04603,120
11,cross_domain_attack+semantic_coherence,2,20,0.27732,0.02828,0.44496,0.04538,0.34168,0.03484,4.14234,0.91792,120
12,conf_gap_change+var_conf_pro,2,5,0.37582,0.07755,0.15075,0.03111,0.21519,0.04441,5.09091,1.91892,120
12,conf_gap_change+var_conf_pro,2,10,0.32271,0.04754,0.2589,0.03814,0.2873,0.04233,4.29205,1.13536,120
12,conf_gap_change+var_conf_pro,2,15,0.29429,0.03663,0.35414,0.04408,0.32145,0.04001,4.08558,0.96453,120
12,conf_gap_change+var_conf_pro,2,20,0.27298,0.02983,0.43799,0.04787,0.33633,0.03676,4.00734,0.92042,120
13,conf_gap_change+H_final,2,5,0.37641,0.07326,0.15099,0.02939,0.21552,0.04195,5.0759,1.81821,120
13,conf_gap_change+H_final,2,10,0.32101,0.04908,0.25753,0.03938,0.28579,0.0437,4.25894,1.16798,120
13,conf_gap_change+H_final,2,15,0.29124,0.03816,0.35047,0.04592,0.31812,0.04168,4.01104,0.99996,120
13,conf_gap_change+H_final,2,20,0.27142,0.02921,0.4355,0.04687,0.33442,0.03599,3.95446,0.91094,120
14,conf_gap_change+delta_H,2,5,0.37582,0.07034,0.15075,0.02822,0.21519,0.04027,5.04079,1.72187,120
14,conf_gap_change+delta_H,2,10,0.32195,0.04691,0.25829,0.03763,0.28662,0.04176,4.272,1.13908,120
14,conf_gap_change+delta_H,2,15,0.28924,0.03677,0.34807,0.04425,0.31594,0.04016,3.94875,0.95318,120
14,conf_gap_change+delta_H,2,20,0.26872,0.0302,0.43117,0.04845,0.33109,0.03721,3.87357,0.91008,120
15,conf_gap_change+semantic_coherence,2,5,0.38415,0.0774,0.1541,0.03105,0.21996,0.04432,5.29046,1.93454,120
15,conf_gap_change+semantic_coherence,2,10,0.32242,0.04826,0.25866,0.03872,0.28704,0.04296,4.29016,1.16773,120
15,conf_gap_change+semantic_coherence,2,15,0.29374,0.03642,0.35348,0.04383,0.32085,0.03978,4.07043,0.97074,120
15,conf_gap_change+semantic_coherence,2,20,0.27391,0.0286,0.4395,0.04589,0.33749,0.03524,4.0318,0.91154,120
16,var_conf_pro+H_final,2,5,0.38521,0.07019,0.15452,0.02815,0.22056,0.04019,5.26466,1.74614,120
16,var_conf_pro+H_final,2,10,0.32406,0.04903,0.25998,0.03933,0.28851,0.04365,4.33113,1.15613,120
16,var_conf_pro+H_final,2,15,0.29284,0.03975,0.3524,0.04784,0.31987,0.04342,4.06256,1.02628,120
16,var_conf_pro+H_final,2,20,0.27262,0.0311,0.43743,0.04991,0.3359,0.03832,4.00159,0.9221,120
17,var_conf_pro+delta_H,2,5,0.38016,0.06769,0.1525,0.02715,0.21767,0.03876,5.128,1.67942,120
17,var_conf_pro+delta_H,2,10,0.32271,0.04751,0.2589,0.03812,0.2873,0.0423,4.29319,1.14931,120
17,var_conf_pro+delta_H,2,15,0.29002,0.03689,0.34901,0.04439,0.31679,0.04029,3.97088,0.96366,120
17,var_conf_pro+delta_H,2,20,0.27165,0.02925,0.43588,0.04693,0.33471,0.03603,3.96189,0.91021,120
18,var_conf_pro+semantic_coherence,2,5,0.39413,0.07579,0.1581,0.0304,0.22567,0.0434,5.5341,1.99089,120
18,var_conf_pro+semantic_coherence,2,10,0.33363,0.04716,0.26766,0.03783,0.29702,0.04198,4.56518,1.17918,120
18,var_conf_pro+semantic_coherence,2,15,0.29992,0.03496,0.36092,0.04207,0.32761,0.03819,4.23757,0.96909,120
18,var_conf_pro+semantic_coherence,2,20,0.27427,0.02802,0.44007,0.04495,0.33792,0.03452,4.03878,0.8906,120
19,H_final+delta_H,2,5,0.38498,0.0707,0.15443,0.02836,0.22043,0.04048,5.26757,1.81104,120
19,H_final+delta_H,2,10,0.32383,0.04804,0.25979,0.03854,0.2883,0.04277,4.32336,1.16855,120
19,H_final+delta_H,2,15,0.29335,0.03632,0.35301,0.04371,0.32043,0.03967,4.05833,0.95678,120
19,H_final+delta_H,2,20,0.27306,0.02711,0.43814,0.04349,0.33644,0.0334,3.99232,0.83897,120
20,H_final+semantic_coherence,2,5,0.38815,0.07158,0.1557,0.02871,0.22224,0.04099,5.34817,1.81054,120
20,H_final+semantic_coherence,2,10,0.32788,0.04615,0.26304,0.03703,0.2919,0.04109,4.41757,1.18013,120
20,H_final+semantic_coherence,2,15,0.29531,0.03682,0.35537,0.04431,0.32256,0.04022,4.11772,1.00248,120
20,H_final+semantic_coherence,2,20,0.27406,0.02788,0.43974,0.04474,0.33767,0.03436,4.0315,0.88654,120
21,delta_H+semantic_coherence,2,5,0.39073,0.07028,0.15673,0.02819,0.22372,0.04024,5.40983,1.84685,120
21,delta_H+semantic_coherence,2,10,0.33034,0.04723,0.26502,0.03789,0.2941,0.04205,4.48528,1.2119,120
21,delta_H+semantic_coherence,2,15,0.29691,0.03672,0.3573,0.04418,0.32432,0.0401,4.16329,1.01795,120
21,delta_H+semantic_coherence,2,20,0.27435,0.03024,0.44021,0.04852,0.33803,0.03725,4.05761,0.96366,120
22,cross_domain_attack+conf_gap_change+var_conf_pro,3,5,0.37242,0.07274,0.14939,0.02918,0.21324,0.04165,4.97123,1.72088,120
22,cross_domain_attack+conf_gap_change+var_conf_pro,3,10,0.32447,0.04953,0.26031,0.03974,0.28887,0.04409,4.34656,1.19863,120
22,cross_domain_attack+conf_gap_change+var_conf_pro,3,15,0.29429,0.04015,0.35414,0.04832,0.32145,0.04386,4.10665,1.05895,120
22,cross_domain_attack+conf_gap_change+var_conf_pro,3,20,0.27303,0.033,0.43809,0.05294,0.33641,0.04065,4.03194,1.01389,120
23,cross_domain_attack+conf_gap_change+H_final,3,5,0.37441,0.07185,0.15019,0.02882,0.21438,0.04114,5.00995,1.68199,120
23,cross_domain_attack+conf_gap_change+H_final,3,10,0.32236,0.05105,0.25862,0.04095,0.28699,0.04545,4.30353,1.22819,120
23,cross_domain_attack+conf_gap_change+H_final,3,15,0.29088,0.03903,0.35005,0.04697,0.31774,0.04263,4.00759,1.03036,120
23,cross_domain_attack+conf_gap_change+H_final,3,20,0.26963,0.03174,0.43263,0.05093,0.33221,0.03911,3.91379,0.96516,120
24,cross_domain_attack+conf_gap_change+delta_H,3,5,0.37171,0.07252,0.14911,0.02909,0.21284,0.04152,4.95329,1.70681,120
24,cross_domain_attack+conf_gap_change+delta_H,3,10,0.32001,0.04871,0.25673,0.03908,0.2849,0.04337,4.23688,1.20308,120
24,cross_domain_attack+conf_gap_change+delta_H,3,15,0.2919,0.03768,0.35127,0.04534,0.31885,0.04115,4.02702,0.99674,120
24,cross_domain_attack+conf_gap_change+delta_H,3,20,0.26963,0.02988,0.43263,0.04794,0.33221,0.03681,3.901,0.9129,120
25,cross_domain_attack+conf_gap_change+semantic_coherence,3,5,0.38662,0.07367,0.15508,0.02955,0.22137,0.04218,5.32368,1.84814,120
25,cross_domain_attack+conf_gap_change+semantic_coherence,3,10,0.33058,0.0499,0.26521,0.04003,0.29431,0.04442,4.50406,1.25439,120
25,cross_domain_attack+conf_gap_change+semantic_coherence,3,15,0.2957,0.03463,0.35584,0.04167,0.32299,0.03782,4.11698,0.95359,120
25,cross_domain_attack+conf_gap_change+semantic_coherence,3,20,0.27365,0.02836,0.43908,0.04551,0.33717,0.03494,4.02188,0.90699,120
26,cross_domain_attack+var_conf_pro+H_final,3,5,0.37606,0.07409,0.15085,0.02972,0.21532,0.04242,5.06991,1.81035,120
26,cross_domain_attack+var_conf_pro+H_final,3,10,0.32359,0.04864,0.2596,0.03902,0.28809,0.04331,4.31823,1.15161,120
26,cross_domain_attack+var_conf_pro+H_final,3,15,0.29261,0.03919,0.35212,0.04716,0.31962,0.0428,4.05435,1.02827,120
26,cross_domain_attack+var_conf_pro+H_final,3,20,0.27318,0.03148,0.43832,0.05051,0.33659,0.03879,4.02613,0.97453,120
27,cross_domain_attack+var_conf_pro+delta_H,3,5,0.37817,0.06812,0.15169,0.02732,0.21653,0.039,5.08176,1.66728,120
27,cross_domain_attack+var_conf_pro+delta_H,3,10,0.32359,0.04628,0.2596,0.03713,0.28809,0.0412,4.30794,1.11853,120
27,cross_domain_attack+var_conf_pro+delta_H,3,15,0.29249,0.03873,0.35198,0.0466,0.31949,0.0423,4.04635,0.99342,120
27,cross_domain_attack+var_conf_pro+delta_H,3,20,0.26992,0.03053,0.4331,0.04899,0.33257,0.03762,3.91306,0.91465,120
28,cross_domain_attack+var_conf_pro+semantic_coherence,3,5,0.38638,0.06611,0.15499,0.02652,0.22124,0.03785,5.26347,1.61404,120
28,cross_domain_attack+var_conf_pro+semantic_coherence,3,10,0.33058,0.04898,0.26521,0.03929,0.29431,0.04361,4.49362,1.1772,120
28,cross_domain_attack+var_conf_pro+semantic_coherence,3,15,0.29945,0.0375,0.36036,0.04512,0.32709,0.04096,4.23787,1.02345,120
28,cross_domain_attack+var_conf_pro+semantic_coherence,3,20,0.27383,0.02943,0.43936,0.04722,0.33738,0.03626,4.03291,0.91799,120
29,cross_domain_attack+H_final+delta_H,3,5,0.3777,0.06977,0.15151,0.02799,0.21626,0.03995,5.0846,1.74084,120
29,cross_domain_attack+H_final+delta_H,3,10,0.32306,0.04825,0.25918,0.03871,0.28762,0.04295,4.30342,1.1424,120
29,cross_domain_attack+H_final+delta_H,3,15,0.29182,0.03648,0.35118,0.0439,0.31876,0.03985,4.01688,0.95109,120
29,cross_domain_attack+H_final+delta_H,3,20,0.27104,0.02901,0.43489,0.04655,0.33395,0.03574,3.93895,0.88219,120
30,cross_domain_attack+H_final+semantic_coherence,3,5,0.38979,0.07354,0.15636,0.0295,0.22319,0.04211,5.40721,1.90081,120
30,cross_domain_attack+H_final+semantic_coherence,3,10,0.33063,0.04832,0.26525,0.03876,0.29436,0.04302,4.4964,1.21386,120
30,cross_domain_attack+H_final+semantic_coherence,3,15,0.298,0.03887,0.35862,0.04678,0.32551,0.04246,4.20582,1.0648,120
30,cross_domain_attack+H_final+semantic_coherence,3,20,0.27482,0.02922,0.44096,0.04688,0.33861,0.036,4.06441,0.91781,120
31,cross_domain_attack+delta_H+semantic_coherence,3,5,0.39061,0.0689,0.15669,0.02764,0.22366,0.03945,5.39586,1.78704,120
31,cross_domain_attack+delta_H+semantic_coherence,3,10,0.3311,0.0445,0.26563,0.0357,0.29478,0.03962,4.48862,1.12989,120
31,cross_domain_attack+delta_H+semantic_coherence,3,15,0.2998,0.03697,0.36078,0.04449,0.32748,0.04038,4.24615,1.0251,120
31,cross_domain_attack+delta_H+semantic_coherence,3,20,0.2767,0.02828,0.44397,0.04537,0.34093,0.03484,4.11935,0.8886,120
32,conf_gap_change+var_conf_pro+H_final,3,5,0.37688,0.07345,0.15118,0.02946,0.21579,0.04205,5.07798,1.73062,120
32,conf_gap_change+var_conf_pro+H_final,3,10,0.32371,0.04822,0.2597,0.03869,0.28819,0.04293,4.32174,1.17438,120
32,conf_gap_change+var_conf_pro+H_final,3,15,0.29116,0.03816,0.35038,0.04592,0.31803,0.04168,4.00933,1.00446,120
32,conf_gap_change+var_conf_pro+H_final,3,20,0.27121,0.02927,0.43517,0.04696,0.33416,0.03606,3.94635,0.89072,120
33,conf_gap_change+var_conf_pro+delta_H,3,5,0.36925,0.07138,0.14812,0.02863,0.21142,0.04087,4.89091,1.69216,120
33,conf_gap_change+var_conf_pro+delta_H,3,10,0.31743,0.0469,0.25466,0.03763,0.2826,0.04176,4.16378,1.12982,120
33,conf_gap_change+var_conf_pro+delta_H,3,15,0.28775,0.03615,0.34628,0.0435,0.31432,0.03949,3.90534,0.93148,120
33,conf_gap_change+var_conf_pro+delta_H,3,20,0.27089,0.02918,0.43465,0.04682,0.33377,0.03595,3.93581,0.89349,120
34,conf_gap_change+var_conf_pro+semantic_coherence,3,5,0.37946,0.07805,0.15221,0.03131,0.21727,0.04469,5.18266,1.9507,120
34,conf_gap_change+var_conf_pro+semantic_coherence,3,10,0.32377,0.04898,0.25975,0.0393,0.28824,0.04361,4.32715,1.192,120
34,conf_gap_change+var_conf_pro+semantic_coherence,3,15,0.29382,0.03812,0.35358,0.04587,0.32094,0.04164,4.08365,1.0308,120
34,conf_gap_change+var_conf_pro+semantic_coherence,3,20,0.27212,0.03121,0.43663,0.05008,0.33529,0.03846,3.99169,0.98196,120
35,conf_gap_change+H_final+delta_H,3,5,0.36761,0.07115,0.14746,0.02854,0.21048,0.04074,4.84903,1.65882,120
35,conf_gap_change+H_final+delta_H,3,10,0.31831,0.04649,0.25537,0.0373,0.28339,0.04139,4.18089,1.10113,120
35,conf_gap_change+H_final+delta_H,3,15,0.2883,0.0354,0.34694,0.0426,0.31491,0.03867,3.91518,0.90364,120
35,conf_gap_change+H_final+delta_H,3,20,0.26869,0.02778,0.43112,0.04458,0.33106,0.03423,3.85656,0.83373,120
36,conf_gap_change+H_final+semantic_coherence,3,5,0.38979,0.07608,0.15636,0.03052,0.22319,0.04356,5.42141,1.93904,120
36,conf_gap_change+H_final+semantic_coherence,3,10,0.32752,0.04946,0.26276,0.03968,0.29159,0.04403,4.42381,1.22634,120
36,conf_gap_change+H_final+semantic_coherence,3,15,0.29441,0.03641,0.35428,0.04381,0.32158,0.03977,4.09055,0.99329,120
36,conf_gap_change+H_final+semantic_coherence,3,20,0.27251,0.02902,0.43724,0.04656,0.33576,0.03575,3.98789,0.90841,120
37,conf_gap_change+delta_H+semantic_coherence,3,5,0.38028,0.06979,0.15254,0.028,0.21774,0.03996,5.14545,1.73998,120
37,conf_gap_change+delta_H+semantic_coherence,3,10,0.32523,0.04609,0.26092,0.03698,0.28955,0.04104,4.34785,1.12629,120
37,conf_gap_change+delta_H+semantic_coherence,3,15,0.29268,0.03833,0.35221,0.04612,0.3197,0.04187,4.05338,1.02768,120
37,conf_gap_change+delta_H+semantic_coherence,3,20,0.27133,0.03207,0.43536,0.05145,0.33431,0.03951,3.96931,0.97149,120
38,var_conf_pro+H_final+delta_H,3,5,0.38005,0.07065,0.15245,0.02834,0.21761,0.04045,5.14554,1.76295,120
38,var_conf_pro+H_final+delta_H,3,10,0.32183,0.0471,0.25819,0.03779,0.28652,0.04193,4.2682,1.12233,120
38,var_conf_pro+H_final+delta_H,3,15,0.29116,0.03808,0.35038,0.04583,0.31803,0.0416,4.00728,0.98488,120
38,var_conf_pro+H_final+delta_H,3,20,0.2723,0.02834,0.43691,0.04547,0.3355,0.03491,3.97472,0.86317,120
39,var_conf_pro+H_final+semantic_coherence,3,5,0.38932,0.07232,0.15617,0.02901,0.22292,0.04141,5.37937,1.81153,120
39,var_conf_pro+H_final+semantic_coherence,3,10,0.32694,0.04438,0.26229,0.0356,0.29107,0.03951,4.38202,1.09546,120
39,var_conf_pro+H_final+semantic_coherence,3,15,0.29484,0.03589,0.3548,0.04319,0.32205,0.0392,4.09762,0.95634,120
39,var_conf_pro+H_final+semantic_coherence,3,20,0.27292,0.02919,0.4379,0.04684,0.33626,0.03597,4.00245,0.91512,120
40,var_conf_pro+delta_H+semantic_coherence,3,5,0.39038,0.06747,0.15659,0.02706,0.22352,0.03863,5.37572,1.71,120
40,var_conf_pro+delta_H+semantic_coherence,3,10,0.32934,0.04624,0.26422,0.03709,0.29321,0.04116,4.45016,1.13101,120
40,var_conf_pro+delta_H+semantic_coherence,3,15,0.29468,0.03562,0.35461,0.04286,0.32188,0.03891,4.0928,0.96118,120
40,var_conf_pro+delta_H+semantic_coherence,3,20,0.27133,0.02967,0.43536,0.0476,0.33431,0.03655,3.95464,0.92333,120
41,H_final+delta_H+semantic_coherence,3,5,0.38685,0.06829,0.15518,0.02739,0.22151,0.0391,5.29503,1.72957,120
41,H_final+delta_H+semantic_coherence,3,10,0.32952,0.04616,0.26436,0.03703,0.29336,0.04109,4.45631,1.15282,120
41,H_final+delta_H+semantic_coherence,3,15,0.29503,0.03657,0.35504,0.04401,0.32226,0.03994,4.10792,0.98632,120
41,H_final+delta_H+semantic_coherence,3,20,0.27383,0.02968,0.43936,0.04762,0.33738,0.03657,4.03456,0.92401,120
42,cross_domain_attack+conf_gap_change+var_conf_pro+H_final,4,5,0.3716,0.07422,0.14906,0.02977,0.21277,0.0425,4.95901,1.72928,120
42,cross_domain_attack+conf_gap_change+var_conf_pro+H_final,4,10,0.32183,0.04746,0.25819,0.03808,0.28652,0.04225,4.27059,1.13545,120
42,cross_domain_attack+conf_gap_change+var_conf_pro+H_final,4,15,0.29135,0.03685,0.35061,0.04435,0.31825,0.04026,4.00631,0.96138,120
42,cross_domain_attack+conf_gap_change+var_conf_pro+H_final,4,20,0.27066,0.03034,0.43427,0.04869,0.33348,0.03739,3.93541,0.91784,120
43,cross_domain_attack+conf_gap_change+var_conf_pro+delta_H,4,5,0.36937,0.0767,0.14816,0.03077,0.21149,0.04392,4.92865,1.8243,120
43,cross_domain_attack+conf_gap_change+var_conf_pro+delta_H,4,10,0.31978,0.05008,0.25654,0.04017,0.28469,0.04458,4.23721,1.22009,120
43,cross_domain_attack+conf_gap_change+var_conf_pro+delta_H,4,15,0.28991,0.0404,0.34887,0.04861,0.31667,0.04413,3.98731,1.04363,120
43,cross_domain_attack+conf_gap_change+var_conf_pro+delta_H,4,20,0.26652,0.03191,0.42764,0.0512,0.32838,0.03932,3.81522,0.93497,120
44,cross_domain_attack+conf_gap_change+var_conf_pro+semantic_coherence,4,5,0.37817,0.07367,0.15169,0.02955,0.21653,0.04218,5.10813,1.72302,120
44,cross_domain_attack+conf_gap_change+var_conf_pro+semantic_coherence,4,10,0.32676,0.05138,0.26215,0.04122,0.29091,0.04574,4.41367,1.24858,120
44,cross_domain_attack+conf_gap_change+var_conf_pro+semantic_coherence,4,15,0.29601,0.03891,0.35621,0.04683,0.32333,0.04251,4.14847,1.04436,120
44,cross_domain_attack+conf_gap_change+var_conf_pro+semantic_coherence,4,20,0.27242,0.03057,0.4371,0.04905,0.33565,0.03766,3.99555,0.95288,120
45,cross_domain_attack+conf_gap_change+H_final+delta_H,4,5,0.37171,0.07213,0.14911,0.02893,0.21284,0.0413,4.9566,1.74821,120
45,cross_domain_attack+conf_gap_change+H_final+delta_H,4,10,0.31984,0.04782,0.25659,0.03836,0.28474,0.04257,4.22476,1.14449,120
45,cross_domain_attack+conf_gap_change+H_final+delta_H,4,15,0.29002,0.03768,0.34901,0.04535,0.31679,0.04116,3.97615,0.99195,120
45,cross_domain_attack+conf_gap_change+H_final+delta_H,4,20,0.26878,0.02802,0.43126,0.04496,0.33116,0.03453,3.86292,0.86717,120
46,cross_domain_attack+conf_gap_change+H_final+semantic_coherence,4,5,0.38345,0.07171,0.15381,0.02877,0.21956,0.04106,5.23093,1.76359,120
46,cross_domain_attack+conf_gap_change+H_final+semantic_coherence,4,10,0.32465,0.05266,0.26045,0.04224,0.28903,0.04688,4.37297,1.31835,120
46,cross_domain_attack+conf_gap_change+H_final+semantic_coherence,4,15,0.29476,0.03888,0.35471,0.04679,0.32197,0.04247,4.11434,1.05061,120
46,cross_domain_attack+conf_gap_change+H_final+semantic_coherence,4,20,0.27286,0.03103,0.43781,0.04979,0.33619,0.03824,4.01458,0.98322,120
47,cross_domain_attack+conf_gap_change+delta_H+semantic_coherence,4,5,0.38181,0.06849,0.15315,0.02747,0.21862,0.03921,5.17069,1.68611,120
47,cross_domain_attack+conf_gap_change+delta_H+semantic_coherence,4,10,0.32899,0.04832,0.26394,0.03876,0.29289,0.04302,4.45448,1.20353,120
47,cross_domain_attack+conf_gap_change+delta_H+semantic_coherence,4,15,0.29671,0.03541,0.35706,0.04262,0.3241,0.03868,4.1491,0.97052,120
47,cross_domain_attack+conf_gap_change+delta_H+semantic_coherence,4,20,0.27289,0.02939,0.43785,0.04715,0.33623,0.03621,4.00124,0.90324,120
48,cross_domain_attack+var_conf_pro+H_final+delta_H,4,5,0.373,0.0732,0.14962,0.02936,0.21358,0.04191,4.9905,1.7558,120
48,cross_domain_attack+var_conf_pro+H_final+delta_H,4,10,0.31731,0.05047,0.25457,0.04049,0.2825,0.04493,4.17753,1.19104,120
48,cross_domain_attack+var_conf_pro+H_final+delta_H,4,15,0.28932,0.0395,0.34816,0.04753,0.31603,0.04314,3.96734,1.03494,120
48,cross_domain_attack+var_conf_pro+H_final+delta_H,4,20,0.26922,0.03032,0.43197,0.04865,0.33171,0.03736,3.89008,0.91493,120
49,cross_domain_attack+var_conf_pro+H_final+semantic_coherence,4,5,0.38028,0.06929,0.15254,0.02779,0.21774,0.03967,5.13668,1.6803,120
49,cross_domain_attack+var_conf_pro+H_final+semantic_coherence,4,10,0.32512,0.04825,0.26083,0.03871,0.28945,0.04296,4.35569,1.17012,120
49,cross_domain_attack+var_conf_pro+H_final+semantic_coherence,4,15,0.29605,0.03747,0.35626,0.04509,0.32338,0.04093,4.14234,1.02331,120
49,cross_domain_attack+var_conf_pro+H_final+semantic_coherence,4,20,0.27488,0.02866,0.44105,0.04599,0.33868,0.03532,4.06214,0.89712,120
50,cross_domain_attack+var_conf_pro+delta_H+semantic_coherence,4,5,0.37934,0.07036,0.15217,0.02822,0.2172,0.04029,5.11808,1.67473,120
50,cross_domain_attack+var_conf_pro+delta_H+semantic_coherence,4,10,0.32477,0.04905,0.26055,0.03935,0.28913,0.04367,4.35298,1.20825,120
50,cross_domain_attack+var_conf_pro+delta_H+semantic_coherence,4,15,0.29378,0.03775,0.35353,0.04543,0.3209,0.04124,4.08073,1.02119,120
50,cross_domain_attack+var_conf_pro+delta_H+semantic_coherence,4,20,0.27163,0.02942,0.43583,0.04721,0.33467,0.03625,3.96296,0.92228,120
51,cross_domain_attack+H_final+delta_H+semantic_coherence,4,5,0.38369,0.06776,0.15391,0.02718,0.21969,0.0388,5.21309,1.68989,120
51,cross_domain_attack+H_final+delta_H+semantic_coherence,4,10,0.33016,0.04728,0.26488,0.03793,0.29394,0.04209,4.47953,1.19547,120
51,cross_domain_attack+H_final+delta_H+semantic_coherence,4,15,0.29613,0.03557,0.35636,0.04281,0.32346,0.03886,4.13212,0.95475,120
51,cross_domain_attack+H_final+delta_H+semantic_coherence,4,20,0.27391,0.02707,0.4395,0.04343,0.33749,0.03335,4.02039,0.85035,120
52,conf_gap_change+var_conf_pro+H_final+delta_H,4,5,0.36538,0.07602,0.14656,0.03049,0.20921,0.04353,4.82826,1.75389,120
52,conf_gap_change+var_conf_pro+H_final+delta_H,4,10,0.31661,0.04813,0.254,0.03861,0.28187,0.04285,4.14928,1.14214,120
52,conf_gap_change+var_conf_pro+H_final+delta_H,4,15,0.28979,0.03622,0.34873,0.04359,0.31654,0.03957,3.96072,0.94289,120
52,conf_gap_change+var_conf_pro+H_final+delta_H,4,20,0.26808,0.02833,0.43013,0.04546,0.3303,0.03491,3.84129,0.85208,120
53,conf_gap_change+var_conf_pro+H_final+semantic_coherence,4,5,0.37793,0.07388,0.1516,0.02964,0.2164,0.0423,5.10731,1.75691,120
53,conf_gap_change+var_conf_pro+H_final+semantic_coherence,4,10,0.32177,0.05006,0.25815,0.04016,0.28647,0.04457,4.2847,1.21931,120
53,conf_gap_change+var_conf_pro+H_final+semantic_coherence,4,15,0.29174,0.03894,0.35108,0.04687,0.31868,0.04254,4.03163,1.04551,120
53,conf_gap_change+var_conf_pro+H_final+semantic_coherence,4,20,0.27251,0.03117,0.43724,0.05001,0.33576,0.0384,4.00109,0.95284,120
54,conf_gap_change+var_conf_pro+delta_H+semantic_coherence,4,5,0.37711,0.07296,0.15127,0.02926,0.21593,0.04177,5.08562,1.76258,120
54,conf_gap_change+var_conf_pro+delta_H+semantic_coherence,4,10,0.32312,0.05079,0.25923,0.04075,0.28767,0.04522,4.32182,1.2382,120
54,conf_gap_change+var_conf_pro+delta_H+semantic_coherence,4,15,0.29081,0.03839,0.34995,0.0462,0.31765,0.04193,4.00183,1.0181,120
54,conf_gap_change+var_conf_pro+delta_H+semantic_coherence,4,20,0.26934,0.0304,0.43216,0.04878,0.33185,0.03746,3.89585,0.93275,120
55,conf_gap_change+H_final+delta_H+semantic_coherence,4,5,0.38228,0.06779,0.15334,0.02719,0.21888,0.03881,5.18127,1.71143,120
55,conf_gap_change+H_final+delta_H+semantic_coherence,4,10,0.32435,0.04825,0.26022,0.03871,0.28877,0.04296,4.33848,1.1843,120
55,conf_gap_change+H_final+delta_H+semantic_coherence,4,15,0.29343,0.03696,0.35311,0.04447,0.32051,0.04037,4.06693,1.00653,120
55,conf_gap_change+H_final+delta_H+semantic_coherence,4,20,0.2701,0.02835,0.43338,0.04548,0.33279,0.03493,3.9063,0.87647,120
56,var_conf_pro+H_final+delta_H+semantic_coherence,4,5,0.38838,0.07499,0.15579,0.03008,0.22238,0.04294,5.38425,1.95562,120
56,var_conf_pro+H_final+delta_H+semantic_coherence,4,10,0.32647,0.04793,0.26191,0.03845,0.29065,0.04267,4.38838,1.17782,120
56,var_conf_pro+H_final+delta_H+semantic_coherence,4,15,0.29308,0.0389,0.35268,0.04681,0.32013,0.04249,4.06754,1.04389,120
56,var_conf_pro+H_final+delta_H+semantic_coherence,4,20,0.27298,0.02983,0.43799,0.04787,0.33633,0.03676,4.00786,0.92602,120
57,cross_domain_attack+conf_gap_change+var_conf_pro+H_final+delta_H,5,5,0.36033,0.07472,0.14454,0.02997,0.20632,0.04278,4.70893,1.72527,120
57,cross_domain_attack+conf_gap_change+var_conf_pro+H_final+delta_H,5,10,0.31866,0.04772,0.25565,0.03828,0.2837,0.04249,4.19563,1.13491,120
57,cross_domain_attack+conf_gap_change+var_conf_pro+H_final+delta_H,5,15,0.28967,0.03802,0.34859,0.04575,0.31641,0.04153,3.96812,0.99568,120
57,cross_domain_attack+conf_gap_change+var_conf_pro+H_final+delta_H,5,20,0.26743,0.0305,0.4291,0.04894,0.3295,0.03758,3.83653,0.92817,120
58,cross_domain_attack+conf_gap_change+var_conf_pro+H_final+semantic_coherence,5,5,0.37829,0.07343,0.15174,0.02946,0.2166,0.04205,5.11415,1.7582,120
58,cross_domain_attack+conf_gap_change+var_conf_pro+H_final+semantic_coherence,5,10,0.32224,0.05194,0.25852,0.04167,0.28689,0.04624,4.30427,1.23624,120
58,cross_domain_attack+conf_gap_change+var_conf_pro+H_final+semantic_coherence,5,15,0.29347,0.03833,0.35315,0.04612,0.32056,0.04186,4.07332,1.01231,120
58,cross_domain_attack+conf_gap_change+var_conf_pro+H_final+semantic_coherence,5,20,0.27318,0.02918,0.43832,0.04683,0.33659,0.03596,4.00969,0.90188,120
59,cross_domain_attack+conf_gap_change+var_conf_pro+delta_H+semantic_coherence,5,5,0.37582,0.07792,0.15075,0.03126,0.21519,0.04461,5.08795,1.88144,120
59,cross_domain_attack+conf_gap_change+var_conf_pro+delta_H+semantic_coherence,5,10,0.32195,0.04868,0.25829,0.03905,0.28662,0.04334,4.28023,1.16972,120
59,cross_domain_attack+conf_gap_change+var_conf_pro+delta_H+semantic_coherence,5,15,0.29233,0.03843,0.35179,0.04625,0.31932,0.04198,4.0425,1.00987,120
59,cross_domain_attack+conf_gap_change+var_conf_pro+delta_H+semantic_coherence,5,20,0.2706,0.03086,0.43418,0.04952,0.33341,0.03802,3.93859,0.94599,120
60,cross_domain_attack+conf_gap_change+H_final+delta_H+semantic_coherence,5,5,0.38063,0.07129,0.15268,0.0286,0.21794,0.04082,5.16114,1.75562,120
60,cross_domain_attack+conf_gap_change+H_final+delta_H+semantic_coherence,5,10,0.32477,0.04889,0.26055,0.03922,0.28913,0.04352,4.34958,1.1725,120
60,cross_domain_attack+conf_gap_change+H_final+delta_H+semantic_coherence,5,15,0.29617,0.03779,0.3564,0.04548,0.3235,0.04128,4.14623,1.0155,120
60,cross_domain_attack+conf_gap_change+H_final+delta_H+semantic_coherence,5,20,0.27215,0.02995,0.43668,0.04805,0.33532,0.0369,3.98301,0.93573,120
61,cross_domain_attack+var_conf_pro+H_final+delta_H+semantic_coherence,5,5,0.38087,0.07316,0.15278,0.02935,0.21808,0.04189,5.17669,1.78096,120
61,cross_domain_attack+var_conf_pro+H_final+delta_H+semantic_coherence,5,10,0.32295,0.04821,0.25909,0.03868,0.28751,0.04292,4.30217,1.16221,120
61,cross_domain_attack+var_conf_pro+H_final+delta_H+semantic_coherence,5,15,0.29327,0.037,0.35292,0.04453,0.32034,0.04042,4.06011,0.97505,120
61,cross_domain_attack+var_conf_pro+H_final+delta_H+semantic_coherence,5,20,0.27227,0.0291,0.43686,0.04669,0.33547,0.03585,3.98188,0.92171,120
62,conf_gap_change+var_conf_pro+H_final+delta_H+semantic_coherence,5,5,0.38122,0.06928,0.15292,0.02779,0.21828,0.03967,5.15704,1.65965,120
62,conf_gap_change+var_conf_pro+H_final+delta_H+semantic_coherence,5,10,0.32388,0.04806,0.25984,0.03856,0.28835,0.04279,4.32431,1.16079,120
62,conf_gap_change+var_conf_pro+H_final+delta_H+semantic_coherence,5,15,0.29186,0.038,0.35122,0.04573,0.3188,0.04151,4.02828,1.01009,120
62,conf_gap_change+var_conf_pro+H_final+delta_H+semantic_coherence,5,20,0.27025,0.03029,0.43362,0.0486,0.33297,0.03732,3.9222,0.91518,120
63,cross_domain_attack+conf_gap_change+var_conf_pro+H_final+delta_H+semantic_coherence,6,5,0.37077,0.06896,0.14873,0.02766,0.2123,0.03948,4.91241,1.65272,120
63,cross_domain_attack+conf_gap_change+var_conf_pro+H_final+delta_H+semantic_coherence,6,10,0.31931,0.04993,0.25617,0.04005,0.28427,0.04445,4.22416,1.2024,120
63,cross_domain_attack+conf_gap_change+var_conf_pro+H_final+delta_H+semantic_coherence,6,15,0.28987,0.03872,0.34882,0.0466,0.31662,0.0423,3.97821,1.02201,120
63,cross_domain_attack+conf_gap_change+var_conf_pro+H_final+delta_H+semantic_coherence,6,20,0.26954,0.03018,0.43249,0.04842,0.3321,0.03718,3.90129,0.93237,120
