field,T_pct,config,model,n_seeds,Y_rate_pct,n_test,AUROC_mean,AUPRC_mean,Precision_mean,Recall_mean,F1_mean,Accuracy_mean,DOR_mean,AUROC_std,AUPRC_std,Precision_std,Recall_std,F1_std,Accuracy_std,DOR_std
01,5,+6focal,FFN,20,7.65,560,0.6622,0.1392,0.1536,0.1,0.1211,0.8886,2.6116,0.0227,0.0205,0.0569,0.037,0.0449,0.0057,1.1884
01,5,+6focal,GBT,20,7.65,560,0.7566,0.2222,0.2607,0.1698,0.2056,0.8993,5.2753,0.0254,0.0349,0.0636,0.0414,0.0501,0.0064,1.9537
01,5,+6focal,LogReg,20,7.65,560,0.7595,0.2174,0.2607,0.1698,0.2056,0.8993,5.4026,0.0348,0.0472,0.0836,0.0545,0.066,0.0084,2.2831
01,5,+6focal,RF,20,7.65,560,0.7732,0.2608,0.3128,0.2058,0.2483,0.9044,7.1879,0.0294,0.047,0.0789,0.0535,0.0637,0.0079,2.967
01,5,+6focal,SVM,20,7.65,560,0.6759,0.1773,0.2,0.1302,0.1577,0.8932,3.6273,0.0275,0.0404,0.0572,0.0373,0.0451,0.0057,1.5171
01,5,+6focal,XGB,20,7.65,560,0.7391,0.2235,0.275,0.1791,0.2169,0.9007,5.8007,0.0341,0.0389,0.0761,0.0495,0.06,0.0076,2.315
01,5,BIBLIO,FFN,20,7.65,560,0.6893,0.1682,0.2143,0.1395,0.169,0.8946,3.9779,0.0405,0.0255,0.0613,0.0399,0.0484,0.0061,1.477
01,5,BIBLIO,GBT,20,7.65,560,0.7451,0.2168,0.2839,0.1849,0.2239,0.9016,5.9184,0.0226,0.0289,0.0511,0.0333,0.0403,0.0051,1.7347
01,5,BIBLIO,LogReg,20,7.65,560,0.7599,0.2162,0.25,0.1628,0.1972,0.8982,5.2065,0.0294,0.0448,0.0927,0.0604,0.0731,0.0093,2.8181
01,5,BIBLIO,RF,20,7.65,560,0.768,0.262,0.345,0.2267,0.2736,0.9075,8.3052,0.0287,0.0331,0.0643,0.0412,0.0502,0.0067,2.6554
01,5,BIBLIO,SVM,20,7.65,560,0.6682,0.1817,0.2232,0.1453,0.1761,0.8955,4.2982,0.031,0.0406,0.0732,0.0476,0.0577,0.0073,2.0696
01,5,BIBLIO,XGB,20,7.65,560,0.7019,0.189,0.2375,0.1547,0.1873,0.897,4.6348,0.0314,0.0307,0.0658,0.0429,0.0519,0.0066,1.9775
01,10,+6focal,FFN,20,16.06,560,0.6754,0.2779,0.3134,0.195,0.2404,0.802,2.9567,0.0374,0.038,0.0828,0.0515,0.0636,0.0166,1.3453
01,10,+6focal,GBT,20,16.06,560,0.7275,0.3286,0.3688,0.2294,0.2829,0.813,3.8234,0.0211,0.0332,0.06,0.0373,0.046,0.012,1.2146
01,10,+6focal,LogReg,20,16.06,560,0.7381,0.3184,0.3589,0.2233,0.2753,0.8111,3.5741,0.0146,0.0239,0.0474,0.0295,0.0364,0.0095,0.8286
01,10,+6focal,RF,20,16.06,560,0.7534,0.3755,0.422,0.2667,0.3268,0.8235,5.0132,0.0213,0.0373,0.0545,0.0355,0.0429,0.011,1.59
01,10,+6focal,SVM,20,16.06,560,0.6693,0.2698,0.3161,0.1967,0.2425,0.8025,2.8571,0.0226,0.0207,0.0492,0.0306,0.0377,0.0098,0.7509
01,10,+6focal,XGB,20,16.06,560,0.7256,0.3388,0.3839,0.2389,0.2945,0.8161,4.0699,0.0293,0.0383,0.0486,0.0303,0.0373,0.0097,0.9591
01,10,BIBLIO,FFN,20,16.06,560,0.6944,0.2822,0.3125,0.1944,0.2397,0.8018,2.8011,0.0193,0.0228,0.048,0.0298,0.0368,0.0096,0.7491
01,10,BIBLIO,GBT,20,16.06,560,0.7266,0.3391,0.3821,0.2378,0.2932,0.8157,4.0647,0.0239,0.0357,0.0545,0.0339,0.0418,0.0109,1.1407
01,10,BIBLIO,LogReg,20,16.06,560,0.7314,0.3105,0.3446,0.2144,0.2644,0.8082,3.3068,0.0148,0.0187,0.0422,0.0263,0.0324,0.0084,0.7554
01,10,BIBLIO,RF,20,16.06,560,0.7422,0.384,0.4256,0.2689,0.3295,0.8241,5.0301,0.022,0.0376,0.0451,0.0274,0.0339,0.0092,1.1523
01,10,BIBLIO,SVM,20,16.06,560,0.6704,0.2818,0.3312,0.2061,0.2541,0.8055,3.116,0.0228,0.0215,0.0548,0.0341,0.042,0.011,0.8658
01,10,BIBLIO,XGB,20,16.06,560,0.6873,0.3225,0.3777,0.235,0.2897,0.8148,3.994,0.0249,0.0366,0.0606,0.0377,0.0465,0.0121,1.1732
01,15,+6focal,FFN,20,19.6,560,0.6726,0.3251,0.3577,0.2732,0.3098,0.7609,2.8323,0.025,0.0267,0.0443,0.0338,0.0384,0.0133,0.6618
01,15,+6focal,GBT,20,19.6,560,0.744,0.394,0.4411,0.3368,0.382,0.7859,4.507,0.0191,0.0372,0.0489,0.0374,0.0424,0.0147,1.3675
01,15,+6focal,LogReg,20,19.6,560,0.745,0.3896,0.4304,0.3286,0.3727,0.7827,4.1734,0.0166,0.03,0.0363,0.0277,0.0314,0.0109,0.7645
01,15,+6focal,RF,20,19.6,560,0.7659,0.4418,0.4915,0.38,0.4286,0.801,5.859,0.0214,0.0353,0.0395,0.031,0.0346,0.012,1.2091
01,15,+6focal,SVM,20,19.6,560,0.6847,0.3246,0.3375,0.2577,0.2923,0.7548,2.5237,0.0223,0.027,0.0407,0.0311,0.0353,0.0122,0.6032
01,15,+6focal,XGB,20,19.6,560,0.7271,0.3877,0.4339,0.3314,0.3758,0.7838,4.2834,0.0225,0.0342,0.0429,0.0328,0.0372,0.0129,0.9304
01,15,BIBLIO,FFN,20,19.6,560,0.6928,0.3361,0.3786,0.2891,0.3278,0.7671,3.1694,0.0228,0.0256,0.0413,0.0316,0.0358,0.0124,0.7058
01,15,BIBLIO,GBT,20,19.6,560,0.7437,0.4046,0.4387,0.335,0.3799,0.7852,4.3686,0.017,0.0318,0.0357,0.0272,0.0309,0.0107,0.8738
01,15,BIBLIO,LogReg,20,19.6,560,0.7388,0.3894,0.428,0.3268,0.3706,0.782,4.1198,0.0168,0.0291,0.0359,0.0274,0.0311,0.0108,0.7586
01,15,BIBLIO,RF,20,19.6,560,0.7585,0.4461,0.4694,0.365,0.4106,0.7943,5.195,0.0174,0.0328,0.0357,0.0308,0.0329,0.0107,0.9943
01,15,BIBLIO,SVM,20,19.6,560,0.6904,0.3349,0.3798,0.29,0.3289,0.7675,3.1959,0.0232,0.0211,0.0412,0.0315,0.0357,0.0124,0.7935
01,15,BIBLIO,XGB,20,19.6,560,0.7089,0.3781,0.4089,0.3123,0.3541,0.7762,3.7007,0.019,0.0285,0.0295,0.0225,0.0255,0.0088,0.6094
01,20,+6focal,FFN,20,25.5,560,0.6811,0.4026,0.433,0.3392,0.3804,0.7179,2.8813,0.0211,0.0216,0.0268,0.021,0.0235,0.0107,0.415
01,20,+6focal,GBT,20,25.5,560,0.7472,0.472,0.4955,0.3881,0.4353,0.7429,4.1216,0.02,0.0294,0.0372,0.0291,0.0326,0.0149,0.9145
01,20,+6focal,LogReg,20,25.5,560,0.7375,0.4603,0.4942,0.3871,0.4341,0.7423,4.0476,0.0178,0.0264,0.028,0.0219,0.0246,0.0112,0.6139
01,20,+6focal,RF,20,25.5,560,0.7599,0.4968,0.5224,0.4126,0.461,0.7537,4.7857,0.0177,0.0308,0.0328,0.0255,0.0286,0.0133,0.8982
01,20,+6focal,SVM,20,25.5,560,0.6921,0.4102,0.433,0.3392,0.3804,0.7179,2.8757,0.0161,0.0238,0.0238,0.0186,0.0209,0.0095,0.3746
01,20,+6focal,XGB,20,25.5,560,0.7322,0.4623,0.4786,0.3748,0.4204,0.7361,3.7531,0.0183,0.0319,0.0391,0.0306,0.0344,0.0156,0.8061
01,20,BIBLIO,FFN,20,25.5,560,0.6943,0.4167,0.446,0.3493,0.3918,0.723,3.121,0.0261,0.0348,0.0357,0.0279,0.0313,0.0143,0.6226
01,20,BIBLIO,GBT,20,25.5,560,0.7404,0.4738,0.4879,0.3822,0.4286,0.7398,3.9642,0.0225,0.0324,0.0405,0.0317,0.0356,0.0162,0.9236
01,20,BIBLIO,LogReg,20,25.5,560,0.7305,0.4605,0.4911,0.3846,0.4314,0.7411,4.0018,0.0178,0.0285,0.0343,0.0268,0.0301,0.0137,0.7523
01,20,BIBLIO,RF,20,25.5,560,0.7539,0.4921,0.5026,0.3986,0.4446,0.7457,4.3259,0.02,0.0368,0.0403,0.033,0.0362,0.0163,0.9651
01,20,BIBLIO,SVM,20,25.5,560,0.6841,0.4053,0.4321,0.3385,0.3796,0.7175,2.8835,0.024,0.0308,0.0327,0.0256,0.0287,0.0131,0.5442
01,20,BIBLIO,XGB,20,25.5,560,0.7122,0.4413,0.4558,0.357,0.4004,0.727,3.2964,0.0193,0.0285,0.0362,0.0284,0.0318,0.0145,0.6456
03,5,+6focal,FFN,20,11.54,26,0.6167,0.2432,0.125,0.0833,0.1,0.8269,3.1714,0.1451,0.1126,0.2221,0.1481,0.1777,0.0342,3.4525
03,5,+6focal,GBT,20,11.54,26,0.7391,0.4014,0.3,0.2,0.24,0.8538,12.0476,0.1508,0.2231,0.3403,0.2269,0.2722,0.0524,22.9787
03,5,+6focal,LogReg,20,11.54,26,0.6674,0.3143,0.2,0.1333,0.16,0.8385,4.3371,0.1582,0.1785,0.2513,0.1675,0.201,0.0387,3.9061
03,5,+6focal,RF,20,11.54,26,0.7935,0.4156,0.325,0.2167,0.26,0.8577,9.3581,0.1026,0.1845,0.2936,0.1957,0.2349,0.0452,16.6823
03,5,+6focal,SVM,20,11.54,26,0.4949,0.1708,0.025,0.0167,0.02,0.8115,1.6171,0.1617,0.0621,0.1118,0.0745,0.0894,0.0172,1.7377
03,5,+6focal,XGB,20,11.54,26,0.6978,0.434,0.4,0.2667,0.32,0.8692,13.6019,0.1642,0.2306,0.3078,0.2052,0.2462,0.0474,22.423
03,5,BIBLIO,FFN,20,11.54,26,0.629,0.2982,0.225,0.15,0.18,0.8423,10.8819,0.1799,0.1932,0.3432,0.2288,0.2745,0.0528,23.3154
03,5,BIBLIO,GBT,20,11.54,26,0.7196,0.3807,0.275,0.1833,0.22,0.85,8.581,0.1388,0.1854,0.3024,0.2016,0.2419,0.0465,16.8703
03,5,BIBLIO,LogReg,20,11.54,26,0.6855,0.3741,0.3,0.2,0.24,0.8538,12.0476,0.1676,0.2283,0.3403,0.2269,0.2722,0.0524,22.9787
03,5,BIBLIO,RF,20,11.54,26,0.783,0.4638,0.375,0.25,0.3,0.8654,10.1352,0.1291,0.2245,0.2751,0.1834,0.22,0.0423,16.4536
03,5,BIBLIO,SVM,20,11.54,26,0.479,0.1738,0.0,0.0,0.0,0.8077,1.2286,0.1911,0.0666,0.0,0.0,0.0,0.0,0.0
03,5,BIBLIO,XGB,20,11.54,26,0.7246,0.4713,0.4,0.2667,0.32,0.8692,19.7581,0.1688,0.2775,0.3839,0.2559,0.3071,0.0591,30.2593
03,10,+6focal,FFN,20,21.54,26,0.6354,0.4295,0.35,0.175,0.2333,0.7346,3.171,0.1164,0.1494,0.2531,0.1265,0.1687,0.0584,2.8028
03,10,+6focal,GBT,20,21.54,26,0.6867,0.4661,0.4167,0.2083,0.2778,0.75,5.2834,0.1305,0.1295,0.2621,0.1311,0.1748,0.0605,8.8164
03,10,+6focal,LogReg,20,21.54,26,0.6171,0.3588,0.2333,0.1167,0.1556,0.7077,1.8852,0.1234,0.0963,0.219,0.1095,0.146,0.0505,1.9889
03,10,+6focal,RF,20,21.54,26,0.6908,0.5174,0.5167,0.2583,0.3444,0.7731,9.345,0.1199,0.1325,0.2752,0.1376,0.1835,0.0635,13.8607
03,10,+6focal,SVM,20,21.54,26,0.5321,0.3091,0.1667,0.0833,0.1111,0.6923,1.3799,0.1722,0.1188,0.2023,0.1012,0.1349,0.0467,1.5942
03,10,+6focal,XGB,20,21.54,26,0.6625,0.474,0.4833,0.2417,0.3222,0.7654,6.1457,0.1321,0.1332,0.2531,0.1265,0.1687,0.0584,8.6691
03,10,BIBLIO,FFN,20,21.54,26,0.6421,0.4178,0.3833,0.1917,0.2556,0.7423,3.3344,0.1,0.0855,0.2236,0.1118,0.1491,0.0516,2.674
03,10,BIBLIO,GBT,20,21.54,26,0.6871,0.4733,0.35,0.175,0.2333,0.7346,2.814,0.1136,0.1374,0.2016,0.1008,0.1344,0.0465,2.3359
03,10,BIBLIO,LogReg,20,21.54,26,0.6425,0.3762,0.3,0.15,0.2,0.7231,3.9976,0.1093,0.1154,0.2627,0.1313,0.1751,0.0606,8.9189
03,10,BIBLIO,RF,20,21.54,26,0.7158,0.537,0.5625,0.2833,0.3767,0.7827,11.343,0.1148,0.1551,0.2715,0.1336,0.1792,0.064,15.3934
03,10,BIBLIO,SVM,20,21.54,26,0.4988,0.3041,0.2,0.1,0.1333,0.7,2.0789,0.1428,0.1067,0.2736,0.1368,0.1824,0.0631,2.7172
03,10,BIBLIO,XGB,20,21.54,26,0.6508,0.4363,0.4333,0.2167,0.2889,0.7538,3.5794,0.1268,0.1178,0.1567,0.0784,0.1045,0.0362,2.4467
03,15,+6focal,FFN,20,27.69,26,0.5128,0.3719,0.3,0.1714,0.2182,0.6692,1.9079,0.1354,0.1281,0.1919,0.1097,0.1396,0.0591,2.0903
03,15,+6focal,GBT,20,27.69,26,0.6338,0.4684,0.475,0.2714,0.3455,0.7231,6.0362,0.0996,0.1166,0.242,0.1383,0.176,0.0745,10.8623
03,15,+6focal,LogReg,20,27.69,26,0.5323,0.3402,0.2625,0.15,0.1909,0.6577,2.1185,0.1361,0.0788,0.2625,0.15,0.1909,0.0808,2.8213
03,15,+6focal,RF,20,27.69,26,0.6953,0.5115,0.545,0.3143,0.3985,0.7442,5.1213,0.1002,0.1064,0.1946,0.1097,0.1402,0.0602,3.4537
03,15,+6focal,SVM,20,27.69,26,0.4759,0.3123,0.125,0.0714,0.0909,0.6154,0.7823,0.1364,0.0921,0.1721,0.0983,0.1251,0.0529,0.9102
03,15,+6focal,XGB,20,27.69,26,0.6203,0.4627,0.4625,0.2643,0.3364,0.7192,3.7929,0.1175,0.1008,0.2032,0.1161,0.1478,0.0625,3.1419
03,15,BIBLIO,FFN,20,27.69,26,0.5609,0.3825,0.325,0.1857,0.2364,0.6769,1.9014,0.1087,0.0978,0.1832,0.1047,0.1332,0.0564,1.2233
03,15,BIBLIO,GBT,20,27.69,26,0.6511,0.4862,0.475,0.2714,0.3455,0.7231,4.0516,0.105,0.113,0.197,0.1126,0.1433,0.0606,3.4109
03,15,BIBLIO,LogReg,20,27.69,26,0.5643,0.3829,0.275,0.1571,0.2,0.6615,1.7603,0.1421,0.1177,0.197,0.1126,0.1433,0.0606,2.0998
03,15,BIBLIO,RF,20,27.69,26,0.7086,0.5567,0.5625,0.3214,0.4091,0.75,7.7865,0.0936,0.1445,0.2416,0.1381,0.1757,0.0743,10.7053
03,15,BIBLIO,SVM,20,27.69,26,0.4605,0.3103,0.1875,0.1071,0.1364,0.6346,1.2127,0.1419,0.1041,0.1791,0.1023,0.1302,0.0551,2.0154
03,15,BIBLIO,XGB,20,27.69,26,0.6102,0.4632,0.4875,0.2786,0.3545,0.7269,6.1409,0.1089,0.1411,0.2361,0.1349,0.1717,0.0727,10.8221
03,20,+6focal,FFN,20,33.85,26,0.5788,0.4734,0.4083,0.2722,0.3267,0.6115,1.7292,0.0927,0.0838,0.1376,0.0917,0.1101,0.0635,1.0804
03,20,+6focal,GBT,20,33.85,26,0.6471,0.5339,0.4917,0.3278,0.3933,0.65,2.572,0.0984,0.124,0.1265,0.0844,0.1012,0.0584,1.5752
03,20,+6focal,LogReg,20,33.85,26,0.5324,0.4198,0.325,0.2167,0.26,0.5731,1.111,0.0892,0.0734,0.1265,0.0844,0.1012,0.0584,0.6371
03,20,+6focal,RF,20,33.85,26,0.6825,0.5812,0.5048,0.3444,0.4092,0.6558,3.5493,0.1268,0.1277,0.1855,0.1244,0.1484,0.086,3.716
03,20,+6focal,SVM,20,33.85,26,0.4739,0.391,0.2833,0.1889,0.2267,0.5538,1.0879,0.0951,0.0973,0.1718,0.1146,0.1375,0.0793,1.1501
03,20,+6focal,XGB,20,33.85,26,0.6386,0.5555,0.5167,0.3444,0.4133,0.6615,6.1481,0.103,0.13,0.1942,0.1295,0.1554,0.0896,14.1632
03,20,BIBLIO,FFN,20,33.85,26,0.5745,0.4494,0.4,0.2667,0.32,0.6077,1.5555,0.1256,0.0735,0.1134,0.0756,0.0907,0.0524,0.7143
03,20,BIBLIO,GBT,20,33.85,26,0.6163,0.5347,0.525,0.35,0.42,0.6654,3.4485,0.1147,0.104,0.1647,0.1098,0.1317,0.076,2.9203
03,20,BIBLIO,LogReg,20,33.85,26,0.5327,0.4254,0.375,0.25,0.3,0.5962,1.4025,0.0854,0.0717,0.1194,0.0796,0.0955,0.0551,0.7238
03,20,BIBLIO,RF,20,33.85,26,0.6443,0.5718,0.5369,0.3611,0.4317,0.6712,4.0056,0.1212,0.1152,0.1842,0.1242,0.1481,0.0851,3.6799
03,20,BIBLIO,SVM,20,33.85,26,0.4915,0.3887,0.35,0.2333,0.28,0.5846,1.2956,0.0643,0.0481,0.142,0.0947,0.1136,0.0656,0.7524
03,20,BIBLIO,XGB,20,33.85,26,0.5794,0.5188,0.475,0.3167,0.38,0.6423,2.6733,0.1072,0.098,0.1733,0.1156,0.1387,0.08,1.8974
07,5,+6focal,FFN,20,5.88,62,0.5384,0.149,0.075,0.075,0.075,0.8806,2.9808,0.1487,0.0951,0.1175,0.1175,0.1175,0.0152,2.5625
07,5,+6focal,GBT,20,5.88,62,0.5982,0.1408,0.075,0.075,0.075,0.8806,2.9808,0.1095,0.0605,0.1175,0.1175,0.1175,0.0152,2.5625
07,5,+6focal,LogReg,20,5.88,62,0.5198,0.1067,0.0375,0.0375,0.0375,0.8758,2.1632,0.1134,0.0485,0.0916,0.0916,0.0916,0.0118,1.9967
07,5,+6focal,RF,20,5.88,62,0.5234,0.1279,0.095,0.1,0.0972,0.8815,3.352,0.1244,0.0725,0.1202,0.1257,0.1224,0.0159,2.589
07,5,+6focal,SVM,20,5.88,62,0.3953,0.073,0.0125,0.0125,0.0125,0.8726,1.6182,0.1079,0.0216,0.0559,0.0559,0.0559,0.0072,1.2187
07,5,+6focal,XGB,20,5.88,62,0.6002,0.2093,0.1875,0.1875,0.1875,0.8952,6.4687,0.1069,0.1433,0.1597,0.1597,0.1597,0.0206,6.0928
07,5,BIBLIO,FFN,20,5.88,62,0.5356,0.1138,0.05,0.05,0.05,0.8774,2.4357,0.1043,0.0494,0.1026,0.1026,0.1026,0.0132,2.2367
07,5,BIBLIO,GBT,20,5.88,62,0.5763,0.1368,0.075,0.075,0.075,0.8806,3.4984,0.1392,0.0975,0.1428,0.1428,0.1428,0.0184,5.0151
07,5,BIBLIO,LogReg,20,5.88,62,0.533,0.1092,0.0375,0.0375,0.0375,0.8758,2.1632,0.1145,0.0627,0.0916,0.0916,0.0916,0.0118,1.9967
07,5,BIBLIO,RF,20,5.88,62,0.5492,0.1122,0.05,0.05,0.05,0.8766,2.4225,0.1182,0.0448,0.1026,0.1026,0.1026,0.0141,2.2443
07,5,BIBLIO,SVM,20,5.88,62,0.4381,0.0982,0.0375,0.0375,0.0375,0.8758,2.1632,0.1458,0.0646,0.0916,0.0916,0.0916,0.0118,1.9967
07,5,BIBLIO,XGB,20,5.88,62,0.6525,0.1372,0.025,0.025,0.025,0.8742,1.8907,0.1072,0.0418,0.0769,0.0769,0.0769,0.0099,1.6775
07,10,+6focal,FFN,20,12.75,62,0.6328,0.2138,0.1429,0.125,0.1333,0.7903,1.8327,0.0702,0.0464,0.1226,0.1073,0.1145,0.0277,1.6643
07,10,+6focal,GBT,20,12.75,62,0.6617,0.271,0.2429,0.2125,0.2267,0.8129,3.4925,0.07,0.0814,0.1398,0.1223,0.1305,0.0316,3.2121
07,10,+6focal,LogReg,20,12.75,62,0.6426,0.2588,0.2071,0.1812,0.1933,0.8048,3.0002,0.0897,0.0998,0.1427,0.1248,0.1332,0.0322,3.334
07,10,+6focal,RF,20,12.75,62,0.7028,0.2689,0.2116,0.1875,0.1988,0.8056,3.1984,0.0539,0.0821,0.1606,0.1434,0.1513,0.0361,3.4241
07,10,+6focal,SVM,20,12.75,62,0.5716,0.1862,0.1071,0.0938,0.1,0.7823,1.2973,0.1002,0.0484,0.0912,0.0798,0.0852,0.0206,0.9111
07,10,+6focal,XGB,20,12.75,62,0.6984,0.3243,0.3143,0.275,0.2933,0.829,4.8623,0.0827,0.1129,0.1359,0.1189,0.1269,0.0307,3.2715
07,10,BIBLIO,FFN,20,12.75,62,0.6278,0.2383,0.1929,0.1688,0.18,0.8016,2.608,0.1338,0.1107,0.1412,0.1235,0.1317,0.0319,2.239
07,10,BIBLIO,GBT,20,12.75,62,0.6757,0.2538,0.2214,0.1938,0.2067,0.8081,2.6609,0.0665,0.0604,0.0864,0.0756,0.0806,0.0195,1.4419
07,10,BIBLIO,LogReg,20,12.75,62,0.6631,0.2817,0.2357,0.2062,0.22,0.8113,3.2849,0.0907,0.1013,0.1412,0.1235,0.1317,0.0319,2.4835
07,10,BIBLIO,RF,20,12.75,62,0.6817,0.2611,0.192,0.175,0.1829,0.7992,2.5116,0.0702,0.0667,0.1288,0.1175,0.1226,0.0294,2.0555
07,10,BIBLIO,SVM,20,12.75,62,0.602,0.1916,0.1,0.0875,0.0933,0.7806,1.2838,0.1186,0.056,0.1047,0.0916,0.0977,0.0236,1.0772
07,10,BIBLIO,XGB,20,12.75,62,0.713,0.3013,0.3,0.2625,0.28,0.8258,4.9025,0.0833,0.0876,0.1599,0.1399,0.1492,0.0361,4.0402
07,15,+6focal,FFN,20,16.01,62,0.6242,0.2891,0.225,0.225,0.225,0.75,2.2471,0.1203,0.1031,0.1293,0.1293,0.1293,0.0417,1.6419
07,15,+6focal,GBT,20,16.01,62,0.7013,0.3552,0.315,0.315,0.315,0.779,3.5131,0.0502,0.0742,0.0933,0.0933,0.0933,0.0301,2.1081
07,15,+6focal,LogReg,20,16.01,62,0.6483,0.3293,0.28,0.28,0.28,0.7677,2.9727,0.0944,0.0921,0.1196,0.1196,0.1196,0.0386,1.68
07,15,+6focal,RF,20,16.01,62,0.6918,0.3367,0.3073,0.31,0.3086,0.7758,3.1705,0.0538,0.063,0.0727,0.0718,0.0722,0.0239,1.2911
07,15,+6focal,SVM,20,16.01,62,0.552,0.2439,0.205,0.205,0.205,0.7435,1.8678,0.11,0.0784,0.105,0.105,0.105,0.0339,1.3172
07,15,+6focal,XGB,20,16.01,62,0.7213,0.4064,0.36,0.36,0.36,0.7935,4.5232,0.0657,0.0829,0.0995,0.0995,0.0995,0.0321,2.3951
07,15,BIBLIO,FFN,20,16.01,62,0.5744,0.237,0.205,0.205,0.205,0.7435,1.7882,0.0677,0.0508,0.0887,0.0887,0.0887,0.0286,1.0943
07,15,BIBLIO,GBT,20,16.01,62,0.6771,0.3145,0.265,0.265,0.265,0.7629,2.8427,0.062,0.0789,0.1226,0.1226,0.1226,0.0395,2.1024
07,15,BIBLIO,LogReg,20,16.01,62,0.667,0.3492,0.295,0.295,0.295,0.7726,3.3023,0.0974,0.0946,0.1146,0.1146,0.1146,0.037,2.2733
07,15,BIBLIO,RF,20,16.01,62,0.7031,0.3464,0.3036,0.305,0.3043,0.775,3.7484,0.062,0.092,0.1236,0.1234,0.1235,0.04,3.5273
07,15,BIBLIO,SVM,20,16.01,62,0.5757,0.2538,0.185,0.185,0.185,0.7371,1.5646,0.1265,0.087,0.0933,0.0933,0.0933,0.0301,0.8773
07,15,BIBLIO,XGB,20,16.01,62,0.7032,0.3664,0.37,0.37,0.37,0.7968,5.0589,0.0787,0.0982,0.1174,0.1174,0.1174,0.0379,3.3431
07,20,+6focal,FFN,20,22.88,62,0.6249,0.3514,0.3154,0.2929,0.3037,0.6968,2.1287,0.0682,0.0783,0.0963,0.0895,0.0928,0.0404,1.2319
07,20,+6focal,GBT,20,22.88,62,0.6783,0.409,0.3923,0.3643,0.3778,0.729,3.0716,0.0535,0.0793,0.0656,0.0609,0.0631,0.0275,1.2127
07,20,+6focal,LogReg,20,22.88,62,0.6488,0.4162,0.3538,0.3286,0.3407,0.7129,2.7833,0.0795,0.1024,0.1127,0.1047,0.1085,0.0473,1.7941
07,20,+6focal,RF,20,22.88,62,0.6955,0.4425,0.4113,0.3857,0.398,0.7363,3.9278,0.063,0.0854,0.1159,0.1072,0.1113,0.0494,2.6846
07,20,+6focal,SVM,20,22.88,62,0.6323,0.3707,0.3423,0.3179,0.3296,0.7081,2.4084,0.0522,0.0784,0.0881,0.0819,0.0849,0.037,1.1351
07,20,+6focal,XGB,20,22.88,62,0.7048,0.4604,0.4154,0.3857,0.4,0.7387,3.9542,0.0813,0.1054,0.1155,0.1072,0.1112,0.0484,2.4717
07,20,BIBLIO,FFN,20,22.88,62,0.6026,0.3447,0.3154,0.2929,0.3037,0.6968,2.1672,0.0784,0.0613,0.1056,0.098,0.1017,0.0443,1.3678
07,20,BIBLIO,GBT,20,22.88,62,0.6695,0.4295,0.3962,0.3679,0.3815,0.7306,3.2866,0.0459,0.0719,0.08,0.0743,0.077,0.0335,1.9287
07,20,BIBLIO,LogReg,20,22.88,62,0.6696,0.4394,0.3577,0.3321,0.3444,0.7145,2.7098,0.0799,0.0981,0.0975,0.0906,0.0939,0.0409,1.4937
07,20,BIBLIO,RF,20,22.88,62,0.7043,0.4417,0.4135,0.3857,0.3991,0.7379,3.579,0.0591,0.0644,0.0817,0.0782,0.0798,0.0343,1.6284
07,20,BIBLIO,SVM,20,22.88,62,0.6774,0.4043,0.3808,0.3536,0.3667,0.7242,3.2461,0.057,0.0754,0.1073,0.0996,0.1033,0.045,2.3023
07,20,BIBLIO,XGB,20,22.88,62,0.691,0.4635,0.45,0.4179,0.4333,0.7532,4.7931,0.0448,0.0814,0.1096,0.1017,0.1055,0.0459,2.9856
08,5,+6focal,FFN,20,3.52,256,0.6503,0.2254,0.2038,0.2944,0.2409,0.9348,12.5328,0.0846,0.1207,0.1037,0.1498,0.1226,0.0105,9.7381
08,5,+6focal,GBT,20,3.52,256,0.6302,0.259,0.1923,0.2778,0.2273,0.9336,10.1522,0.1257,0.1222,0.0683,0.0987,0.0808,0.0069,5.3286
08,5,+6focal,LogReg,20,3.52,256,0.6911,0.2607,0.2462,0.3556,0.2909,0.9391,15.4682,0.097,0.1157,0.0813,0.1174,0.096,0.0083,8.7731
08,5,+6focal,RF,20,3.52,256,0.6854,0.328,0.2519,0.3667,0.2986,0.9393,16.2812,0.1051,0.1343,0.0885,0.1254,0.1038,0.0094,8.938
08,5,+6focal,SVM,20,3.52,256,0.6766,0.2896,0.2231,0.3222,0.2636,0.9367,13.5051,0.1072,0.1088,0.0861,0.1244,0.1017,0.0087,9.0046
08,5,+6focal,XGB,20,3.52,256,0.6847,0.2839,0.2231,0.3222,0.2636,0.9367,12.8893,0.1154,0.1252,0.0785,0.1134,0.0928,0.008,6.3984
08,5,BIBLIO,FFN,20,3.52,256,0.6536,0.2145,0.2038,0.2944,0.2409,0.9348,11.138,0.1065,0.1162,0.0673,0.0972,0.0796,0.0068,6.684
08,5,BIBLIO,GBT,20,3.52,256,0.6335,0.2629,0.2038,0.2944,0.2409,0.9348,11.4692,0.1223,0.1106,0.08,0.1156,0.0945,0.0081,7.2625
08,5,BIBLIO,LogReg,20,3.52,256,0.7083,0.2763,0.2538,0.3667,0.3,0.9398,16.8579,0.0993,0.1343,0.0903,0.1305,0.1068,0.0092,10.4931
08,5,BIBLIO,RF,20,3.52,256,0.6836,0.3215,0.2467,0.3611,0.2931,0.9387,15.715,0.0985,0.1261,0.086,0.1242,0.1016,0.0091,8.8063
08,5,BIBLIO,SVM,20,3.52,256,0.6806,0.2868,0.25,0.3611,0.2955,0.9395,15.3955,0.0962,0.1035,0.0743,0.1074,0.0879,0.0076,7.2957
08,5,BIBLIO,XGB,20,3.52,256,0.6469,0.2981,0.2115,0.3056,0.25,0.9355,11.6351,0.1116,0.1117,0.07,0.1012,0.0828,0.0071,5.4881
08,10,+6focal,FFN,20,8.07,256,0.6283,0.185,0.1885,0.2333,0.2085,0.8547,3.5587,0.0749,0.0608,0.0705,0.0873,0.078,0.0143,1.9636
08,10,+6focal,GBT,20,8.07,256,0.6639,0.2601,0.2327,0.2881,0.2574,0.8637,4.8153,0.056,0.0769,0.0677,0.0839,0.075,0.0138,2.0061
08,10,+6focal,LogReg,20,8.07,256,0.6746,0.2261,0.2442,0.3024,0.2702,0.866,5.1988,0.0385,0.067,0.0627,0.0777,0.0694,0.0127,2.2289
08,10,+6focal,RF,20,8.07,256,0.6978,0.2906,0.2461,0.3095,0.2741,0.8656,5.3414,0.0502,0.0778,0.0691,0.0867,0.0768,0.014,2.3289
08,10,+6focal,SVM,20,8.07,256,0.6576,0.2203,0.2,0.2476,0.2213,0.857,3.7202,0.0609,0.048,0.0566,0.0701,0.0627,0.0115,1.3866
08,10,+6focal,XGB,20,8.07,256,0.7003,0.2662,0.2673,0.331,0.2957,0.8707,6.133,0.0679,0.0698,0.0689,0.0853,0.0762,0.014,2.5701
08,10,BIBLIO,FFN,20,8.07,256,0.6261,0.2006,0.2135,0.2643,0.2362,0.8598,4.2512,0.0613,0.062,0.0666,0.0824,0.0737,0.0135,2.2361
08,10,BIBLIO,GBT,20,8.07,256,0.662,0.2654,0.2327,0.2881,0.2574,0.8637,4.7471,0.0392,0.0675,0.0578,0.0716,0.064,0.0117,1.9203
08,10,BIBLIO,LogReg,20,8.07,256,0.6778,0.2422,0.2558,0.3167,0.283,0.8684,5.5213,0.0312,0.0574,0.0533,0.066,0.059,0.0108,2.0161
08,10,BIBLIO,RF,20,8.07,256,0.6929,0.3089,0.267,0.3357,0.2974,0.8697,6.1574,0.0481,0.0669,0.0654,0.081,0.0723,0.014,2.8268
08,10,BIBLIO,SVM,20,8.07,256,0.6246,0.2137,0.1885,0.2333,0.2085,0.8547,3.4765,0.0682,0.0581,0.0635,0.0786,0.0703,0.0129,1.6242
08,10,BIBLIO,XGB,20,8.07,256,0.6609,0.277,0.2481,0.3071,0.2745,0.8668,5.2409,0.0522,0.0685,0.0522,0.0646,0.0577,0.0106,2.0136
08,15,+6focal,FFN,20,11.2,256,0.6223,0.205,0.2038,0.2741,0.2338,0.7965,2.5959,0.0517,0.0526,0.0523,0.0703,0.06,0.0159,1.1176
08,15,+6focal,GBT,20,11.2,256,0.7015,0.2895,0.2731,0.3672,0.3132,0.8176,4.3661,0.0628,0.0843,0.0572,0.0769,0.0656,0.0174,1.6965
08,15,+6focal,LogReg,20,11.2,256,0.6878,0.251,0.2564,0.3448,0.2941,0.8125,4.1492,0.064,0.0701,0.0798,0.1073,0.0915,0.0243,2.3785
08,15,+6focal,RF,20,11.2,256,0.7257,0.3416,0.3243,0.4414,0.3738,0.8326,6.2801,0.0501,0.0798,0.0523,0.0739,0.0611,0.016,2.3442
08,15,+6focal,SVM,20,11.2,256,0.6778,0.2638,0.2372,0.319,0.2721,0.8066,3.317,0.0492,0.0662,0.0512,0.0689,0.0587,0.0156,1.1788
08,15,+6focal,XGB,20,11.2,256,0.6972,0.2756,0.2705,0.3638,0.3103,0.8168,4.4501,0.0441,0.0731,0.0693,0.0933,0.0795,0.0211,2.2476
08,15,BIBLIO,FFN,20,11.2,256,0.6315,0.2135,0.2,0.269,0.2294,0.7953,2.5901,0.0561,0.061,0.0648,0.0871,0.0743,0.0197,1.2952
08,15,BIBLIO,GBT,20,11.2,256,0.665,0.2732,0.2577,0.3466,0.2956,0.8129,4.0003,0.0645,0.0843,0.0668,0.0898,0.0766,0.0204,1.8086
08,15,BIBLIO,LogReg,20,11.2,256,0.6931,0.2647,0.2603,0.35,0.2985,0.8137,4.1922,0.0637,0.0742,0.075,0.1009,0.086,0.0229,2.2312
08,15,BIBLIO,RF,20,11.2,256,0.7076,0.3273,0.2983,0.4052,0.3436,0.8246,5.1622,0.0501,0.0714,0.0495,0.067,0.0569,0.0153,1.7446
08,15,BIBLIO,SVM,20,11.2,256,0.6099,0.2212,0.1949,0.2621,0.2235,0.7938,2.4209,0.0436,0.0546,0.0548,0.0737,0.0629,0.0167,1.0019
08,15,BIBLIO,XGB,20,11.2,256,0.678,0.2822,0.2615,0.3517,0.3,0.8141,4.1673,0.0576,0.0797,0.0663,0.0892,0.0761,0.0202,2.2179
08,20,+6focal,FFN,20,15.11,256,0.6149,0.2397,0.2442,0.3256,0.2791,0.7438,2.3068,0.0543,0.0468,0.0467,0.0623,0.0534,0.019,0.7506
08,20,+6focal,GBT,20,15.11,256,0.6796,0.3204,0.3058,0.4077,0.3495,0.7688,3.6588,0.0404,0.0587,0.0525,0.07,0.06,0.0213,1.3404
08,20,+6focal,LogReg,20,15.11,256,0.6653,0.2968,0.2798,0.3731,0.3198,0.7582,3.0481,0.056,0.0623,0.0549,0.0732,0.0628,0.0223,1.1429
08,20,+6focal,RF,20,15.11,256,0.7102,0.3613,0.3095,0.4218,0.357,0.7684,3.9085,0.0405,0.0684,0.0591,0.0787,0.0673,0.0249,1.9554
08,20,+6focal,SVM,20,15.11,256,0.683,0.318,0.2692,0.359,0.3077,0.7539,2.7818,0.0502,0.0623,0.0475,0.0634,0.0543,0.0193,0.9291
08,20,+6focal,XGB,20,15.11,256,0.7008,0.3255,0.3135,0.4179,0.3582,0.7719,3.8258,0.0384,0.0584,0.0471,0.0629,0.0539,0.0192,1.3142
08,20,BIBLIO,FFN,20,15.11,256,0.6051,0.2249,0.2346,0.3128,0.2681,0.7398,2.1696,0.0483,0.0372,0.0505,0.0674,0.0578,0.0205,0.8363
08,20,BIBLIO,GBT,20,15.11,256,0.6672,0.2909,0.2769,0.3692,0.3165,0.757,2.9342,0.0341,0.0434,0.0473,0.063,0.054,0.0192,0.9251
08,20,BIBLIO,LogReg,20,15.11,256,0.6733,0.3188,0.3038,0.4051,0.3473,0.768,3.6258,0.0521,0.0557,0.0539,0.0719,0.0616,0.0219,1.3866
08,20,BIBLIO,RF,20,15.11,256,0.697,0.3486,0.3036,0.409,0.3485,0.7672,3.5977,0.0387,0.0659,0.0501,0.0693,0.0581,0.0201,1.1978
08,20,BIBLIO,SVM,20,15.11,256,0.6347,0.2743,0.2356,0.3141,0.2692,0.7402,2.1528,0.041,0.047,0.0418,0.0557,0.0478,0.017,0.746
08,20,BIBLIO,XGB,20,15.11,256,0.6471,0.2871,0.2779,0.3705,0.3176,0.7574,2.9095,0.0362,0.0503,0.0387,0.0516,0.0442,0.0157,0.7426
09,5,+6focal,FFN,20,3.75,427,0.6337,0.0845,0.0955,0.1312,0.1105,0.9208,3.8196,0.0723,0.0426,0.0606,0.0834,0.0702,0.0062,2.5185
09,5,+6focal,GBT,20,3.75,427,0.6115,0.0693,0.0659,0.0906,0.0763,0.9178,2.5719,0.058,0.0211,0.0454,0.0624,0.0526,0.0047,1.5999
09,5,+6focal,LogReg,20,3.75,427,0.6645,0.0851,0.0841,0.1156,0.0974,0.9197,3.2958,0.0665,0.0249,0.0537,0.0739,0.0622,0.0055,2.0728
09,5,+6focal,RF,20,3.75,427,0.6538,0.1276,0.1222,0.175,0.1439,0.9219,4.9387,0.0587,0.0546,0.0543,0.0775,0.0638,0.0062,2.8975
09,5,+6focal,SVM,20,3.75,427,0.6664,0.077,0.0659,0.0906,0.0763,0.9178,2.5931,0.0604,0.02,0.0477,0.0656,0.0553,0.0049,1.7435
09,5,+6focal,XGB,20,3.75,427,0.6001,0.0926,0.1114,0.1531,0.1289,0.9225,4.4195,0.0689,0.0272,0.0541,0.0744,0.0627,0.0056,2.4938
09,5,BIBLIO,FFN,20,3.75,427,0.6175,0.0768,0.0886,0.1219,0.1026,0.9201,3.5935,0.0677,0.0316,0.0634,0.0872,0.0734,0.0065,2.6976
09,5,BIBLIO,GBT,20,3.75,427,0.6302,0.0751,0.0705,0.0969,0.0816,0.9183,2.8203,0.0782,0.0298,0.0561,0.0771,0.065,0.0058,2.0457
09,5,BIBLIO,LogReg,20,3.75,427,0.6532,0.0916,0.1023,0.1406,0.1184,0.9215,4.2387,0.0836,0.0381,0.069,0.0948,0.0799,0.0071,3.2912
09,5,BIBLIO,RF,20,3.75,427,0.6762,0.117,0.1173,0.1656,0.1372,0.9222,4.7167,0.0412,0.0483,0.0569,0.0818,0.067,0.0058,2.5976
09,5,BIBLIO,SVM,20,3.75,427,0.6346,0.0594,0.0227,0.0312,0.0263,0.9133,1.1909,0.0529,0.0105,0.0346,0.0476,0.04,0.0036,1.1192
09,5,BIBLIO,XGB,20,3.75,427,0.6208,0.081,0.0864,0.1188,0.1,0.9199,3.3424,0.0722,0.0218,0.0487,0.0669,0.0564,0.005,1.9646
09,10,+6focal,FFN,20,9.43,427,0.609,0.1601,0.1616,0.1738,0.1675,0.8382,2.172,0.0476,0.0205,0.0306,0.0329,0.0317,0.0062,0.5354
09,10,+6focal,GBT,20,9.43,427,0.6492,0.1807,0.1802,0.1938,0.1867,0.8419,2.573,0.0331,0.036,0.0452,0.0486,0.0468,0.0091,0.8928
09,10,+6focal,LogReg,20,9.43,427,0.6948,0.2258,0.2512,0.27,0.2602,0.8562,4.3792,0.0422,0.0488,0.0606,0.0652,0.0628,0.0122,1.7319
09,10,+6focal,RF,20,9.43,427,0.6752,0.2244,0.2226,0.245,0.2332,0.8491,3.6686,0.0386,0.0469,0.0667,0.0728,0.0695,0.0139,1.6482
09,10,+6focal,SVM,20,9.43,427,0.6108,0.1598,0.1407,0.1512,0.1458,0.834,1.8553,0.0368,0.0268,0.0456,0.049,0.0472,0.0092,0.7619
09,10,+6focal,XGB,20,9.43,427,0.6394,0.1835,0.1779,0.1912,0.1843,0.8415,2.5086,0.0459,0.0411,0.0394,0.0424,0.0408,0.0079,0.8211
09,10,BIBLIO,FFN,20,9.43,427,0.6391,0.1741,0.1965,0.2112,0.2036,0.8452,2.9057,0.0291,0.0249,0.0449,0.0483,0.0466,0.0091,0.9008
09,10,BIBLIO,GBT,20,9.43,427,0.6643,0.1928,0.1907,0.205,0.1976,0.844,2.742,0.0289,0.0278,0.0325,0.035,0.0337,0.0066,0.6876
09,10,BIBLIO,LogReg,20,9.43,427,0.6881,0.2202,0.243,0.2612,0.2518,0.8546,4.1556,0.0398,0.0468,0.0601,0.0646,0.0623,0.0121,1.7388
09,10,BIBLIO,RF,20,9.43,427,0.6905,0.2353,0.228,0.25,0.2384,0.8504,3.7174,0.0318,0.0429,0.0535,0.0585,0.0558,0.0114,1.3901
09,10,BIBLIO,SVM,20,9.43,427,0.6235,0.1635,0.1593,0.1712,0.1651,0.8377,2.1747,0.0329,0.0263,0.0442,0.0475,0.0458,0.0089,0.8348
09,10,BIBLIO,XGB,20,9.43,427,0.6526,0.184,0.1895,0.2038,0.1964,0.8438,2.7904,0.0292,0.0385,0.0502,0.054,0.052,0.0101,1.0993
09,15,+6focal,FFN,20,12.34,427,0.6018,0.1991,0.2211,0.267,0.2419,0.7923,2.4654,0.0418,0.0247,0.038,0.0459,0.0416,0.0114,0.6543
09,15,+6focal,GBT,20,12.34,427,0.6572,0.2393,0.2312,0.2792,0.253,0.7953,2.7055,0.0343,0.0426,0.0472,0.057,0.0516,0.0141,0.9791
09,15,+6focal,LogReg,20,12.34,427,0.6748,0.2596,0.2852,0.3443,0.312,0.8115,3.9156,0.0325,0.0422,0.0439,0.053,0.048,0.0131,1.1065
09,15,+6focal,RF,20,12.34,427,0.6791,0.2712,0.2655,0.3274,0.2932,0.804,3.3946,0.0341,0.0464,0.0332,0.0388,0.0357,0.0109,0.7893
09,15,+6focal,SVM,20,12.34,427,0.6041,0.1982,0.1867,0.2255,0.2043,0.782,1.8973,0.0244,0.0227,0.0397,0.048,0.0435,0.0119,0.5891
09,15,+6focal,XGB,20,12.34,427,0.6428,0.2211,0.2352,0.284,0.2573,0.7965,2.723,0.0293,0.035,0.0349,0.0422,0.0382,0.0105,0.6594
09,15,BIBLIO,FFN,20,12.34,427,0.62,0.2092,0.2258,0.2726,0.247,0.7937,2.629,0.0485,0.0496,0.0552,0.0666,0.0604,0.0165,1.0044
09,15,BIBLIO,GBT,20,12.34,427,0.6711,0.2444,0.2352,0.284,0.2573,0.7965,2.7559,0.0325,0.0355,0.0429,0.0518,0.0469,0.0128,0.834
09,15,BIBLIO,LogReg,20,12.34,427,0.6709,0.2491,0.2602,0.3142,0.2846,0.804,3.3133,0.0307,0.0385,0.0465,0.0562,0.0509,0.014,1.0601
09,15,BIBLIO,RF,20,12.34,427,0.6889,0.2652,0.2594,0.3198,0.2864,0.8023,3.3122,0.0323,0.0422,0.0443,0.0559,0.0493,0.0133,1.0706
09,15,BIBLIO,SVM,20,12.34,427,0.5986,0.1813,0.1672,0.2019,0.1829,0.7761,1.6221,0.0332,0.0253,0.0424,0.0513,0.0464,0.0127,0.5715
09,15,BIBLIO,XGB,20,12.34,427,0.6509,0.2215,0.2344,0.283,0.2564,0.7963,2.7446,0.0348,0.0322,0.0433,0.0523,0.0474,0.013,0.8627
09,20,+6focal,FFN,20,17.59,427,0.5845,0.2478,0.2552,0.2927,0.2727,0.7258,1.9265,0.0463,0.0278,0.0384,0.044,0.041,0.0155,0.5308
09,20,+6focal,GBT,20,17.59,427,0.6441,0.2968,0.2878,0.33,0.3075,0.7389,2.4265,0.0289,0.0372,0.0441,0.0506,0.0472,0.0178,0.6609
09,20,+6focal,LogReg,20,17.59,427,0.6729,0.3321,0.3459,0.3967,0.3696,0.7623,3.5224,0.0313,0.0322,0.0322,0.0369,0.0344,0.013,0.7639
09,20,+6focal,RF,20,17.59,427,0.6781,0.3334,0.319,0.3727,0.3437,0.75,2.9852,0.028,0.041,0.0362,0.0411,0.0384,0.0151,0.7266
09,20,+6focal,SVM,20,17.59,427,0.6028,0.2485,0.2442,0.28,0.2609,0.7213,1.7781,0.0218,0.0283,0.0366,0.0419,0.0391,0.0147,0.4962
09,20,+6focal,XGB,20,17.59,427,0.6465,0.2857,0.2901,0.3327,0.3099,0.7398,2.4151,0.0316,0.0275,0.026,0.0298,0.0278,0.0105,0.4419
09,20,BIBLIO,FFN,20,17.59,427,0.6249,0.2639,0.2855,0.3273,0.305,0.7379,2.3519,0.0241,0.0199,0.031,0.0355,0.0331,0.0125,0.5014
09,20,BIBLIO,GBT,20,17.59,427,0.6678,0.3086,0.3203,0.3673,0.3422,0.752,2.9545,0.0174,0.0251,0.026,0.0298,0.0278,0.0105,0.4957
09,20,BIBLIO,LogReg,20,17.59,427,0.6713,0.3268,0.318,0.3647,0.3398,0.7511,2.9931,0.0284,0.0336,0.0464,0.0532,0.0496,0.0187,0.9289
09,20,BIBLIO,RF,20,17.59,427,0.7011,0.3558,0.3538,0.4133,0.3812,0.7643,3.7507,0.0291,0.0391,0.0337,0.0389,0.036,0.0142,0.8509
09,20,BIBLIO,SVM,20,17.59,427,0.6021,0.2462,0.2506,0.2873,0.2677,0.7239,1.8581,0.0285,0.0298,0.0355,0.0407,0.0379,0.0143,0.4984
09,20,BIBLIO,XGB,20,17.59,427,0.6702,0.3123,0.3209,0.368,0.3429,0.7522,3.0177,0.0281,0.0349,0.0405,0.0465,0.0433,0.0163,0.7704
12,5,+6focal,FFN,20,17.29,27,0.8982,0.708,0.7,0.28,0.4,0.8444,16.8904,0.051,0.158,0.2991,0.1196,0.1709,0.0443,14.1822
12,5,+6focal,GBT,20,17.29,27,0.867,0.7582,0.875,0.35,0.5,0.8704,26.4682,0.1203,0.1941,0.2751,0.11,0.1572,0.0407,11.6716
12,5,+6focal,LogReg,20,17.29,27,0.8664,0.7297,0.875,0.35,0.5,0.8704,25.3016,0.0956,0.1582,0.2221,0.0889,0.1269,0.0329,12.1573
12,5,+6focal,RF,20,17.29,27,0.8659,0.8048,1.0,0.4,0.5714,0.8889,32.1429,0.1274,0.1489,0.0,0.0,0.0,0.0,0.0
12,5,+6focal,SVM,20,17.29,27,0.8214,0.7535,0.925,0.37,0.5286,0.8778,28.0381,0.1535,0.1968,0.1832,0.0733,0.1047,0.0271,10.0251
12,5,+6focal,XGB,20,17.29,27,0.8477,0.7592,0.95,0.38,0.5429,0.8815,29.4063,0.1201,0.1666,0.1539,0.0616,0.0879,0.0228,8.4228
12,5,BIBLIO,FFN,20,17.29,27,0.9455,0.8373,0.9,0.36,0.5143,0.8741,26.6698,0.0493,0.135,0.2052,0.0821,0.1173,0.0304,11.2304
12,5,BIBLIO,GBT,20,17.29,27,0.8757,0.7621,0.875,0.35,0.5,0.8704,25.3016,0.0928,0.1713,0.2221,0.0889,0.1269,0.0329,12.1573
12,5,BIBLIO,LogReg,20,17.29,27,0.8782,0.7588,0.925,0.37,0.5286,0.8778,28.0381,0.091,0.1644,0.1832,0.0733,0.1047,0.0271,10.0251
12,5,BIBLIO,RF,20,17.29,27,0.9055,0.8249,1.0,0.4,0.5714,0.8889,32.1429,0.0838,0.1257,0.0,0.0,0.0,0.0,0.0
12,5,BIBLIO,SVM,20,17.29,27,0.8432,0.764,0.925,0.37,0.5286,0.8778,28.0381,0.1292,0.1862,0.1832,0.0733,0.1047,0.0271,10.0251
12,5,BIBLIO,XGB,20,17.29,27,0.8677,0.768,0.925,0.37,0.5286,0.8778,28.0381,0.091,0.1564,0.1832,0.0733,0.1047,0.0271,10.0251
12,10,+6focal,FFN,20,24.81,27,0.8486,0.7355,0.8,0.3429,0.48,0.8074,18.4789,0.1053,0.1386,0.2269,0.0972,0.1361,0.0504,13.8123
12,10,+6focal,GBT,20,24.81,27,0.83,0.7225,0.8667,0.3714,0.52,0.8222,22.5859,0.077,0.1123,0.1994,0.0855,0.1196,0.0443,13.0378
12,10,+6focal,LogReg,20,24.81,27,0.8511,0.7445,0.8167,0.35,0.49,0.8111,18.6889,0.0784,0.1409,0.2016,0.0864,0.121,0.0448,13.5737
12,10,+6focal,RF,20,24.81,27,0.8648,0.8024,0.9667,0.4143,0.58,0.8444,29.2909,0.0815,0.1113,0.1026,0.044,0.0616,0.0228,7.9964
12,10,+6focal,SVM,20,24.81,27,0.8168,0.7607,0.8833,0.3786,0.53,0.8259,23.8849,0.108,0.1421,0.1957,0.0839,0.1174,0.0435,12.5748
12,10,+6focal,XGB,20,24.81,27,0.8539,0.7491,0.8167,0.35,0.49,0.8111,18.6889,0.0758,0.106,0.2016,0.0864,0.121,0.0448,13.5737
12,10,BIBLIO,FFN,20,24.81,27,0.8261,0.7216,0.7667,0.3286,0.46,0.8,16.9698,0.1164,0.1602,0.2442,0.1047,0.1465,0.0543,13.9184
12,10,BIBLIO,GBT,20,24.81,27,0.8539,0.7903,0.9333,0.4,0.56,0.837,26.6929,0.0963,0.101,0.1368,0.0586,0.0821,0.0304,10.6619
12,10,BIBLIO,LogReg,20,24.81,27,0.8461,0.7599,0.85,0.3643,0.51,0.8185,22.3758,0.0922,0.1463,0.2288,0.098,0.1373,0.0508,13.3507
12,10,BIBLIO,RF,20,24.81,27,0.8616,0.8225,0.9875,0.4357,0.6036,0.8519,31.8413,0.0953,0.0999,0.0559,0.0319,0.0315,0.012,6.9127
12,10,BIBLIO,SVM,20,24.81,27,0.84,0.7801,0.9333,0.4,0.56,0.837,27.7818,0.1092,0.1304,0.1744,0.0747,0.1046,0.0388,10.0615
12,10,BIBLIO,XGB,20,24.81,27,0.8346,0.7277,0.8167,0.35,0.49,0.8111,19.7778,0.0902,0.1265,0.2288,0.098,0.1373,0.0508,13.7896
12,15,+6focal,FFN,20,27.82,27,0.826,0.6952,0.7125,0.3562,0.475,0.7667,13.7442,0.0523,0.1164,0.2188,0.1094,0.1458,0.0648,15.1555
12,15,+6focal,GBT,20,27.82,27,0.8398,0.7323,0.7875,0.3938,0.525,0.7889,17.7203,0.0932,0.1473,0.1863,0.0931,0.1242,0.0552,16.1412
12,15,+6focal,LogReg,20,27.82,27,0.8576,0.7631,0.8,0.4,0.5333,0.7926,17.9781,0.0855,0.1217,0.174,0.087,0.116,0.0515,15.9283
12,15,+6focal,RF,20,27.82,27,0.8717,0.8143,0.925,0.4625,0.6167,0.8296,29.6545,0.0895,0.1112,0.1175,0.0588,0.0784,0.0348,14.6463
12,15,+6focal,SVM,20,27.82,27,0.8293,0.7612,0.8625,0.4312,0.575,0.8111,23.1664,0.1009,0.1207,0.1512,0.0756,0.1008,0.0448,16.2836
12,15,+6focal,XGB,20,27.82,27,0.873,0.7949,0.875,0.4375,0.5833,0.8148,26.0238,0.0726,0.12,0.1721,0.086,0.1147,0.051,16.3697
12,15,BIBLIO,FFN,20,27.82,27,0.7664,0.6308,0.675,0.3375,0.45,0.7556,10.5921,0.0695,0.1151,0.2308,0.1154,0.1539,0.0684,12.5209
12,15,BIBLIO,GBT,20,27.82,27,0.8312,0.7496,0.8375,0.4188,0.5583,0.8037,20.0513,0.0932,0.1248,0.1468,0.0734,0.0979,0.0435,15.9138
12,15,BIBLIO,LogReg,20,27.82,27,0.8339,0.7549,0.875,0.4375,0.5833,0.8148,24.724,0.0965,0.1213,0.1517,0.0759,0.1012,0.045,16.2311
12,15,BIBLIO,RF,20,27.82,27,0.849,0.8065,0.9125,0.4562,0.6083,0.8259,29.3967,0.0993,0.1044,0.1468,0.0734,0.0979,0.0435,15.089
12,15,BIBLIO,SVM,20,27.82,27,0.7908,0.7552,0.8625,0.4312,0.575,0.8111,24.4662,0.1135,0.1161,0.1716,0.0858,0.1144,0.0508,16.551
12,15,BIBLIO,XGB,20,27.82,27,0.847,0.7797,0.8125,0.4062,0.5417,0.7963,19.5357,0.0901,0.108,0.1791,0.0895,0.1194,0.0531,16.4017
12,20,+6focal,FFN,20,32.33,27,0.8219,0.7441,0.7417,0.4944,0.5933,0.7741,11.9586,0.0822,0.1049,0.1144,0.0763,0.0915,0.0508,14.1149
12,20,+6focal,GBT,20,32.33,27,0.8923,0.8246,0.8333,0.5556,0.6667,0.8148,27.938,0.0681,0.1041,0.1325,0.0883,0.106,0.0589,27.6452
12,20,+6focal,LogReg,20,32.33,27,0.8512,0.7589,0.7667,0.5111,0.6133,0.7852,17.8471,0.0767,0.1222,0.1368,0.0912,0.1094,0.0608,22.3442
12,20,+6focal,RF,20,32.33,27,0.9202,0.8684,0.8524,0.5778,0.6883,0.8259,35.9233,0.0497,0.0803,0.1493,0.1057,0.1224,0.0681,33.3596
12,20,+6focal,SVM,20,32.33,27,0.8407,0.7772,0.7833,0.5222,0.6267,0.7926,18.4408,0.0725,0.1019,0.1221,0.0814,0.0977,0.0543,22.0677
12,20,+6focal,XGB,20,32.33,27,0.9275,0.8531,0.875,0.5833,0.7,0.8333,32.4326,0.0477,0.1125,0.1064,0.071,0.0852,0.0473,27.4428
12,20,BIBLIO,FFN,20,32.33,27,0.7525,0.6814,0.6917,0.4611,0.5533,0.7519,15.4919,0.1099,0.1443,0.1895,0.1263,0.1516,0.0842,23.2608
12,20,BIBLIO,GBT,20,32.33,27,0.8815,0.8196,0.8333,0.5556,0.6667,0.8148,30.8022,0.0594,0.1046,0.1622,0.1081,0.1298,0.0721,28.8385
12,20,BIBLIO,LogReg,20,32.33,27,0.8627,0.8077,0.8083,0.5389,0.6467,0.8037,24.3293,0.0686,0.092,0.1355,0.0903,0.1084,0.0602,26.5831
12,20,BIBLIO,RF,20,32.33,27,0.9108,0.8636,0.8464,0.5722,0.6825,0.8222,31.3852,0.0492,0.0718,0.1398,0.0903,0.1089,0.062,28.4451
12,20,BIBLIO,SVM,20,32.33,27,0.8123,0.7604,0.8,0.5333,0.64,0.8,21.6066,0.0826,0.1033,0.128,0.0853,0.1024,0.0569,24.5052
12,20,BIBLIO,XGB,20,32.33,27,0.8981,0.8159,0.8083,0.5389,0.6467,0.8037,27.1935,0.061,0.1135,0.1647,0.1098,0.1317,0.0732,28.2104
13,5,+6focal,FFN,20,5.97,71,0.6088,0.1366,0.075,0.075,0.075,0.8958,4.0655,0.1833,0.0927,0.1428,0.1428,0.1428,0.0161,5.814
13,5,+6focal,GBT,20,5.97,71,0.7149,0.178,0.0875,0.0875,0.0875,0.8972,4.382,0.1308,0.0892,0.1468,0.1468,0.1468,0.0165,5.8431
13,5,+6focal,LogReg,20,5.97,71,0.7151,0.1976,0.15,0.15,0.15,0.9042,6.5631,0.1068,0.126,0.1701,0.1701,0.1701,0.0192,7.3806
13,5,+6focal,RF,20,5.97,71,0.7539,0.1909,0.0725,0.075,0.0736,0.8951,3.3744,0.1162,0.1013,0.1141,0.1175,0.1155,0.0125,2.8576
13,5,+6focal,SVM,20,5.97,71,0.6521,0.1549,0.0875,0.0875,0.0875,0.8972,4.382,0.15,0.0911,0.1468,0.1468,0.1468,0.0165,5.8431
13,5,+6focal,XGB,20,5.97,71,0.7302,0.2623,0.1875,0.1875,0.1875,0.9085,8.7098,0.1296,0.1519,0.1966,0.1966,0.1966,0.0222,9.4237
13,5,BIBLIO,FFN,20,5.97,71,0.6797,0.1785,0.125,0.125,0.125,0.9014,9.4758,0.1364,0.1498,0.2068,0.2068,0.2068,0.0233,22.8671
13,5,BIBLIO,GBT,20,5.97,71,0.7112,0.1509,0.05,0.05,0.05,0.893,2.8339,0.1158,0.0595,0.1026,0.1026,0.1026,0.0116,2.5978
13,5,BIBLIO,LogReg,20,5.97,71,0.7183,0.201,0.15,0.15,0.15,0.9042,7.1617,0.1076,0.1185,0.1885,0.1885,0.1885,0.0212,8.69
13,5,BIBLIO,RF,20,5.97,71,0.7402,0.1839,0.1175,0.125,0.1208,0.9,8.9948,0.1393,0.1158,0.1969,0.2068,0.201,0.0219,22.6417
13,5,BIBLIO,SVM,20,5.97,71,0.7157,0.1618,0.0875,0.0875,0.0875,0.8972,3.7834,0.1465,0.0815,0.1223,0.1223,0.1223,0.0138,3.0977
13,5,BIBLIO,XGB,20,5.97,71,0.7095,0.2188,0.1375,0.1375,0.1375,0.9028,6.8452,0.125,0.1537,0.1898,0.1898,0.1898,0.0214,8.7767
13,10,+6focal,FFN,20,9.66,71,0.7176,0.3261,0.2562,0.2929,0.2733,0.8465,4.8075,0.0912,0.1212,0.0949,0.1085,0.1012,0.0214,2.6039
13,10,+6focal,GBT,20,9.66,71,0.707,0.2516,0.1938,0.2214,0.2067,0.8324,3.2463,0.084,0.0844,0.0858,0.098,0.0915,0.0193,2.0826
13,10,+6focal,LogReg,20,9.66,71,0.7676,0.3326,0.3,0.3429,0.32,0.8563,7.4577,0.0463,0.115,0.1428,0.1632,0.1523,0.0322,6.185
13,10,+6focal,RF,20,9.66,71,0.7652,0.322,0.2912,0.3357,0.3118,0.8535,6.3281,0.0847,0.1317,0.1249,0.1412,0.1325,0.029,3.917
13,10,+6focal,SVM,20,9.66,71,0.6765,0.2233,0.2062,0.2357,0.22,0.8352,3.9558,0.082,0.0723,0.1167,0.1333,0.1244,0.0263,3.7901
13,10,+6focal,XGB,20,9.66,71,0.7503,0.2877,0.2688,0.3071,0.2867,0.8493,6.0944,0.1035,0.1133,0.1478,0.1689,0.1576,0.0333,4.85
13,10,BIBLIO,FFN,20,9.66,71,0.7317,0.2861,0.2812,0.3214,0.3,0.8521,7.4342,0.1048,0.1284,0.1455,0.1663,0.1552,0.0328,9.0007
13,10,BIBLIO,GBT,20,9.66,71,0.7107,0.232,0.2,0.2286,0.2133,0.8338,3.7397,0.0879,0.0864,0.1103,0.1261,0.1177,0.0249,3.6429
13,10,BIBLIO,LogReg,20,9.66,71,0.77,0.3158,0.3062,0.35,0.3267,0.8577,7.6738,0.0551,0.0929,0.1432,0.1637,0.1528,0.0323,6.1365
13,10,BIBLIO,RF,20,9.66,71,0.7554,0.3064,0.2903,0.3357,0.3112,0.8535,6.5558,0.0807,0.1044,0.1269,0.1486,0.1366,0.0294,4.822
13,10,BIBLIO,SVM,20,9.66,71,0.7362,0.262,0.2125,0.2429,0.2267,0.8366,4.0447,0.0619,0.0801,0.1223,0.1398,0.1305,0.0276,3.072
13,10,BIBLIO,XGB,20,9.66,71,0.7327,0.2868,0.2688,0.3071,0.2867,0.8493,7.3241,0.1031,0.1239,0.1734,0.1981,0.1849,0.0391,8.8362
13,15,+6focal,FFN,20,13.07,71,0.6997,0.3615,0.2955,0.3611,0.325,0.8099,4.9686,0.089,0.1072,0.1058,0.1294,0.1164,0.0328,4.1361
13,15,+6focal,GBT,20,13.07,71,0.7007,0.3708,0.3409,0.4167,0.375,0.8239,6.3594,0.0843,0.1279,0.1016,0.1242,0.1118,0.0315,4.2697
13,15,+6focal,LogReg,20,13.07,71,0.7398,0.4473,0.3773,0.4611,0.415,0.8352,7.8651,0.0595,0.1014,0.0898,0.1098,0.0988,0.0278,5.3587
13,15,+6focal,RF,20,13.07,71,0.725,0.4123,0.328,0.4056,0.3626,0.8197,5.6984,0.0671,0.1152,0.0892,0.1156,0.1005,0.0276,3.463
13,15,+6focal,SVM,20,13.07,71,0.7087,0.4489,0.3682,0.45,0.405,0.8324,6.5781,0.0901,0.1026,0.055,0.0672,0.0605,0.017,2.2751
13,15,+6focal,XGB,20,13.07,71,0.7177,0.3923,0.3545,0.4333,0.39,0.8282,7.1062,0.095,0.1357,0.1059,0.1295,0.1165,0.0328,5.0988
13,15,BIBLIO,FFN,20,13.07,71,0.6807,0.3063,0.3182,0.3889,0.35,0.8169,5.1513,0.0847,0.0744,0.0808,0.0987,0.0889,0.025,2.7353
13,15,BIBLIO,GBT,20,13.07,71,0.6888,0.3229,0.3,0.3667,0.33,0.8113,4.6352,0.079,0.086,0.0839,0.1026,0.0923,0.026,2.5694
13,15,BIBLIO,LogReg,20,13.07,71,0.728,0.3759,0.3409,0.4167,0.375,0.8239,6.2979,0.0689,0.0978,0.1058,0.1294,0.1164,0.0328,3.5678
13,15,BIBLIO,RF,20,13.07,71,0.7344,0.4119,0.3496,0.4333,0.3869,0.8261,6.5675,0.0661,0.1052,0.0958,0.119,0.1059,0.0297,4.018
13,15,BIBLIO,SVM,20,13.07,71,0.7115,0.3104,0.3227,0.3944,0.355,0.8183,5.2814,0.0766,0.0656,0.0806,0.0986,0.0887,0.025,2.712
13,15,BIBLIO,XGB,20,13.07,71,0.7063,0.3582,0.3455,0.4222,0.38,0.8254,7.3386,0.0852,0.1227,0.1127,0.1377,0.124,0.0349,8.0202
13,20,+6focal,FFN,20,18.18,71,0.6768,0.4189,0.3633,0.4192,0.3893,0.7592,4.1547,0.0516,0.102,0.0904,0.1043,0.0969,0.0382,2.3103
13,20,+6focal,GBT,20,18.18,71,0.6723,0.3709,0.2933,0.3385,0.3143,0.7296,2.6595,0.0714,0.0959,0.0977,0.1127,0.1047,0.0413,1.3069
13,20,+6focal,LogReg,20,18.18,71,0.7313,0.4632,0.4167,0.4808,0.4464,0.7817,5.8047,0.0618,0.1049,0.0862,0.0994,0.0923,0.0364,3.1586
13,20,+6focal,RF,20,18.18,71,0.7149,0.4413,0.3846,0.45,0.4147,0.7669,4.8194,0.0606,0.1086,0.0943,0.1067,0.1,0.0412,2.6679
13,20,+6focal,SVM,20,18.18,71,0.7295,0.5092,0.4167,0.4808,0.4464,0.7817,5.6685,0.0616,0.0849,0.0776,0.0896,0.0832,0.0328,2.9046
13,20,+6focal,XGB,20,18.18,71,0.6726,0.4025,0.3533,0.4077,0.3786,0.7549,3.9607,0.0519,0.0934,0.097,0.1119,0.1039,0.041,2.2963
13,20,BIBLIO,FFN,20,18.18,71,0.6406,0.3217,0.31,0.3577,0.3321,0.7366,3.0857,0.0937,0.0927,0.1066,0.123,0.1142,0.045,1.859
13,20,BIBLIO,GBT,20,18.18,71,0.6468,0.3644,0.32,0.3692,0.3429,0.7408,3.3208,0.0638,0.068,0.1005,0.116,0.1077,0.0425,2.3461
13,20,BIBLIO,LogReg,20,18.18,71,0.7171,0.4022,0.41,0.4731,0.4393,0.7789,5.634,0.0562,0.0781,0.0845,0.0975,0.0906,0.0357,3.6193
13,20,BIBLIO,RF,20,18.18,71,0.6913,0.4087,0.3412,0.4038,0.3697,0.7479,3.5751,0.0672,0.0834,0.0855,0.0994,0.0915,0.0368,1.784
13,20,BIBLIO,SVM,20,18.18,71,0.7133,0.3812,0.4233,0.4885,0.4536,0.7845,6.1343,0.0492,0.0658,0.0925,0.1067,0.0991,0.0391,3.3202
13,20,BIBLIO,XGB,20,18.18,71,0.6286,0.3859,0.3033,0.35,0.325,0.7338,2.9244,0.0624,0.0833,0.0979,0.1129,0.1049,0.0414,1.8323
14,5,+6focal,FFN,20,3.94,41,0.4718,0.0986,0.0167,0.025,0.02,0.8805,2.7314,0.202,0.1086,0.0745,0.1118,0.0894,0.0109,2.8877
14,5,+6focal,GBT,20,3.94,41,0.6596,0.2017,0.1333,0.2,0.16,0.8976,7.2514,0.2492,0.1537,0.1675,0.2513,0.201,0.0245,6.491
14,5,+6focal,LogReg,20,3.94,41,0.5333,0.1138,0.05,0.075,0.06,0.8854,4.0229,0.202,0.0854,0.1221,0.1832,0.1465,0.0179,4.7311
14,5,+6focal,RF,20,3.94,41,0.7346,0.2584,0.125,0.2,0.1533,0.8963,9.6057,0.1708,0.2256,0.1783,0.2991,0.2217,0.0261,16.5214
14,5,+6focal,SVM,20,3.94,41,0.4404,0.1169,0.0333,0.05,0.04,0.8829,3.3771,0.2297,0.1321,0.1026,0.1539,0.1231,0.015,3.9749
14,5,+6focal,XGB,20,3.94,41,0.6865,0.1859,0.0833,0.125,0.1,0.8902,5.3143,0.1801,0.1527,0.1481,0.2221,0.1777,0.0217,5.7373
14,5,BIBLIO,FFN,20,3.94,41,0.5269,0.1235,0.0333,0.05,0.04,0.8829,3.3771,0.1818,0.1228,0.1026,0.1539,0.1231,0.015,3.9749
14,5,BIBLIO,GBT,20,3.94,41,0.4833,0.1112,0.05,0.075,0.06,0.8854,4.0229,0.2564,0.0822,0.1221,0.1832,0.1465,0.0179,4.7311
14,5,BIBLIO,LogReg,20,3.94,41,0.5474,0.133,0.0667,0.1,0.08,0.8878,4.6686,0.2128,0.1117,0.1368,0.2052,0.1642,0.02,5.2999
14,5,BIBLIO,RF,20,3.94,41,0.6378,0.2131,0.1333,0.2,0.16,0.8951,7.2099,0.2391,0.1628,0.1675,0.2513,0.201,0.0286,6.5284
14,5,BIBLIO,SVM,20,3.94,41,0.4224,0.1344,0.0667,0.1,0.08,0.8878,4.6686,0.2102,0.1505,0.1368,0.2052,0.1642,0.02,5.2999
14,5,BIBLIO,XGB,20,3.94,41,0.3904,0.109,0.05,0.075,0.06,0.8854,4.0229,0.2239,0.123,0.1221,0.1832,0.1465,0.0179,4.7311
14,10,+6focal,FFN,20,8.87,41,0.7943,0.5112,0.36,0.45,0.4,0.8683,21.0124,0.1561,0.2056,0.1903,0.2379,0.2114,0.0464,47.7235
14,10,+6focal,GBT,20,8.87,41,0.8115,0.5065,0.34,0.425,0.3778,0.8634,9.5181,0.1026,0.1764,0.1314,0.1642,0.146,0.032,8.6961
14,10,+6focal,LogReg,20,8.87,41,0.8155,0.5667,0.42,0.525,0.4667,0.8829,35.5009,0.1467,0.2266,0.2331,0.2913,0.259,0.0568,64.0424
14,10,+6focal,RF,20,8.87,41,0.8446,0.5792,0.3867,0.4875,0.4311,0.8744,12.1012,0.0777,0.1557,0.1378,0.1716,0.1527,0.0338,9.4701
14,10,+6focal,SVM,20,8.87,41,0.7358,0.5472,0.38,0.475,0.4222,0.8732,13.5495,0.172,0.197,0.1704,0.2131,0.1894,0.0416,12.0156
14,10,+6focal,XGB,20,8.87,41,0.7821,0.4551,0.32,0.4,0.3556,0.8585,10.9257,0.1155,0.2027,0.1881,0.2351,0.209,0.0459,11.8525
14,10,BIBLIO,FFN,20,8.87,41,0.7986,0.5281,0.37,0.4625,0.4111,0.8707,12.3857,0.1599,0.174,0.1625,0.2032,0.1806,0.0396,11.1122
14,10,BIBLIO,GBT,20,8.87,41,0.7845,0.5715,0.42,0.525,0.4667,0.8829,23.8428,0.1251,0.1921,0.1704,0.2131,0.1894,0.0416,47.111
14,10,BIBLIO,LogReg,20,8.87,41,0.8294,0.6023,0.47,0.5875,0.5222,0.8951,56.7485,0.1536,0.2376,0.2536,0.317,0.2818,0.0619,84.1491
14,10,BIBLIO,RF,20,8.87,41,0.8296,0.5679,0.41,0.5125,0.4556,0.8805,22.4724,0.0874,0.178,0.1518,0.1898,0.1687,0.037,47.2178
14,10,BIBLIO,SVM,20,8.87,41,0.7834,0.6001,0.42,0.525,0.4667,0.8829,25.5038,0.1506,0.1968,0.1936,0.242,0.2151,0.0472,47.2159
14,10,BIBLIO,XGB,20,8.87,41,0.6828,0.4893,0.36,0.45,0.4,0.8683,21.8428,0.1623,0.2204,0.201,0.2513,0.2234,0.049,47.8347
14,15,+6focal,FFN,20,12.32,41,0.7889,0.4602,0.3286,0.46,0.3833,0.8195,7.5315,0.1294,0.1748,0.1473,0.2062,0.1718,0.0503,6.1985
14,15,+6focal,GBT,20,12.32,41,0.7175,0.3525,0.2357,0.33,0.275,0.7878,3.9052,0.0911,0.1713,0.1161,0.1625,0.1355,0.0396,3.3601
14,15,+6focal,LogReg,20,12.32,41,0.7642,0.492,0.3286,0.46,0.3833,0.8195,8.6578,0.1374,0.2044,0.1473,0.2062,0.1718,0.0503,9.2194
14,15,+6focal,RF,20,12.32,41,0.7379,0.4203,0.2741,0.39,0.3218,0.7988,6.425,0.1082,0.2138,0.1511,0.21,0.1757,0.053,8.1663
14,15,+6focal,SVM,20,12.32,41,0.7308,0.4603,0.3286,0.46,0.3833,0.8195,9.7023,0.132,0.2041,0.174,0.2437,0.203,0.0594,10.3175
14,15,+6focal,XGB,20,12.32,41,0.7594,0.3919,0.3143,0.44,0.3667,0.8146,8.4711,0.1132,0.1736,0.1645,0.2303,0.1919,0.0562,9.3535
14,15,BIBLIO,FFN,20,12.32,41,0.7553,0.4694,0.3286,0.46,0.3833,0.8195,8.0286,0.1247,0.1799,0.1398,0.1957,0.1631,0.0477,7.9078
14,15,BIBLIO,GBT,20,12.32,41,0.7386,0.4531,0.3071,0.43,0.3583,0.8122,6.7371,0.1164,0.1735,0.1412,0.1976,0.1647,0.0482,6.3222
14,15,BIBLIO,LogReg,20,12.32,41,0.7747,0.4907,0.35,0.49,0.4083,0.8268,10.0153,0.1391,0.2182,0.15,0.21,0.175,0.0512,10.0787
14,15,BIBLIO,RF,20,12.32,41,0.7553,0.4518,0.2804,0.4,0.3295,0.8024,6.844,0.1072,0.2134,0.1631,0.234,0.1918,0.0553,8.1448
14,15,BIBLIO,SVM,20,12.32,41,0.7536,0.5043,0.3857,0.54,0.45,0.839,18.2434,0.1264,0.2059,0.1801,0.2521,0.2101,0.0615,32.8957
14,15,BIBLIO,XGB,20,12.32,41,0.7406,0.467,0.3143,0.44,0.3667,0.8146,7.2788,0.1418,0.2209,0.1579,0.221,0.1842,0.0539,6.3919
14,20,+6focal,FFN,20,15.27,41,0.7219,0.4233,0.2833,0.425,0.34,0.7585,4.2291,0.1023,0.1726,0.111,0.1664,0.1332,0.0487,3.2278
14,20,+6focal,GBT,20,15.27,41,0.6502,0.3496,0.2278,0.3417,0.2733,0.7341,2.8028,0.1028,0.1278,0.1049,0.1574,0.1259,0.0461,2.2746
14,20,+6focal,LogReg,20,15.27,41,0.7671,0.5138,0.35,0.525,0.42,0.7878,7.0706,0.1055,0.1535,0.1263,0.1895,0.1516,0.0554,5.6077
14,20,+6focal,RF,20,15.27,41,0.706,0.4182,0.265,0.4,0.3188,0.75,4.4881,0.0945,0.1295,0.1313,0.1979,0.1578,0.0575,5.6485
14,20,+6focal,SVM,20,15.27,41,0.7331,0.4869,0.3222,0.4833,0.3867,0.7756,4.9589,0.0668,0.1262,0.0876,0.1313,0.1051,0.0384,2.8277
14,20,+6focal,XGB,20,15.27,41,0.6907,0.3898,0.2444,0.3667,0.2933,0.7415,3.1659,0.0898,0.1351,0.1057,0.1586,0.1269,0.0464,2.6341
14,20,BIBLIO,FFN,20,15.27,41,0.6681,0.3789,0.2833,0.425,0.34,0.7585,4.32,0.1027,0.1294,0.111,0.1664,0.1332,0.0487,3.5008
14,20,BIBLIO,GBT,20,15.27,41,0.7031,0.416,0.2611,0.3917,0.3133,0.7488,4.0421,0.119,0.1381,0.1156,0.1733,0.1387,0.0507,5.3016
14,20,BIBLIO,LogReg,20,15.27,41,0.764,0.5174,0.3556,0.5333,0.4267,0.7902,7.5561,0.0962,0.1356,0.1117,0.1675,0.134,0.049,6.9729
14,20,BIBLIO,RF,20,15.27,41,0.7289,0.4206,0.2397,0.3667,0.2897,0.7366,2.9002,0.0909,0.1231,0.0918,0.1389,0.1101,0.0423,2.1358
14,20,BIBLIO,SVM,20,15.27,41,0.7224,0.5045,0.3444,0.5167,0.4133,0.7854,6.7104,0.0944,0.1569,0.1134,0.1701,0.1361,0.0498,5.6302
14,20,BIBLIO,XGB,20,15.27,41,0.6969,0.3989,0.25,0.375,0.3,0.7439,3.47,0.1058,0.1444,0.1133,0.1699,0.1359,0.0497,3.0782
