T_pct,seed,feature,mean_abs_shap
5,42,CTO,0.40197306871414185
5,42,STO,0.43504756689071655
5,42,PK,0.6010473966598511
5,42,SK,0.2851821184158325
5,42,TCT,0.742769181728363
5,42,TS,0.45160001516342163
5,42,NC,0.3330654203891754
5,42,COL,0.009512343443930149
5,42,INV,0.20647765696048737
5,42,TKH,0.26815560460090637
5,42,CKH,0.5760966539382935
5,42,PKH,0.4165385663509369
5,42,TTS,0.2852745056152344
5,42,CTS,0.4535025358200073
5,42,PTS,0.20273634791374207
5,42,MF_F02D41,0.17608298361301422
5,42,MF_F02B33,0.06506336480379105
5,42,MF_F02D23,0.054391730576753616
5,42,MF_F02B37,0.0770365446805954
5,42,MF_F02M25,0.031178897246718407
5,42,MF_F01N3,0.0
5,42,MF_F02M37,0.019631750881671906
5,42,MF_B60K6,0.0
5,42,MF_F02N11,0.024547481909394264
5,42,MF_F01L1,0.0076694791205227375
5,42,MF_other,0.0574888214468956
5,42,var_conf_pro,0.2970900535583496
5,42,H_final,0.5034816265106201
5,42,delta_H,0.46098342537879944
5,42,conf_gap_change,0.3916076719760895
5,42,cross_domain_attack,0.31146159768104553
5,42,semantic_coherence,0.4874202013015747
5,0,CTO,0.29569780826568604
5,0,STO,0.38264787197113037
5,0,PK,0.7146992683410645
5,0,SK,0.27443137764930725
5,0,TCT,0.7505266070365906
5,0,TS,0.38848575949668884
5,0,NC,0.28781428933143616
5,0,COL,0.008604959584772587
5,0,INV,0.14260342717170715
5,0,TKH,0.3039127290248871
5,0,CKH,0.5527716279029846
5,0,PKH,0.3739992380142212
5,0,TTS,0.30983448028564453
5,0,CTS,0.5341991186141968
5,0,PTS,0.23284077644348145
5,0,MF_F02D41,0.11884232610464096
5,0,MF_F02B33,0.011465134099125862
5,0,MF_F02D23,0.043468404561281204
5,0,MF_F02B37,0.08105255663394928
5,0,MF_F02M25,0.08745380491018295
5,0,MF_F01N3,0.001989044016227126
5,0,MF_B60K6,0.006174060050398111
5,0,MF_F02M37,0.04550924524664879
5,0,MF_F02N11,0.0039340960793197155
5,0,MF_F01L1,0.0
5,0,MF_other,0.0936354324221611
5,0,var_conf_pro,0.2726703882217407
5,0,H_final,0.47625023126602173
5,0,delta_H,0.3969819247722626
5,0,conf_gap_change,0.46128687262535095
5,0,cross_domain_attack,0.3108481764793396
5,0,semantic_coherence,0.5603163242340088
5,1,CTO,0.3555000126361847
5,1,STO,0.4020422697067261
5,1,PK,0.6268457770347595
5,1,SK,0.314508318901062
5,1,TCT,0.7515160441398621
5,1,TS,0.4379291832447052
5,1,NC,0.2882331311702728
5,1,COL,0.0068691326305270195
5,1,INV,0.20018154382705688
5,1,TKH,0.27518826723098755
5,1,CKH,0.49703872203826904
5,1,PKH,0.3314397931098938
5,1,TTS,0.3756953179836273
5,1,CTS,0.4290589392185211
5,1,PTS,0.3161866366863251
5,1,MF_F02D41,0.14405661821365356
5,1,MF_F02B33,0.032621439546346664
5,1,MF_F02D23,0.055584412068128586
5,1,MF_F02B37,0.09483673423528671
5,1,MF_F02M25,0.008703446947038174
5,1,MF_F01N3,0.0
5,1,MF_B60K6,0.0028309926856309175
5,1,MF_F02N11,0.03096582740545273
5,1,MF_F02M37,0.015526341274380684
5,1,MF_F01L1,0.0
5,1,MF_other,0.05923062190413475
5,1,var_conf_pro,0.31348446011543274
5,1,H_final,0.47046104073524475
5,1,delta_H,0.44706642627716064
5,1,conf_gap_change,0.3518390953540802
5,1,cross_domain_attack,0.4323713779449463
5,1,semantic_coherence,0.5017572641372681
5,2,CTO,0.3847305476665497
5,2,STO,0.378260999917984
5,2,PK,0.6185701489448547
5,2,SK,0.3660016655921936
5,2,TCT,0.9158720970153809
5,2,TS,0.4911791682243347
5,2,NC,0.2611341178417206
5,2,COL,0.005379040259867907
5,2,INV,0.2249487340450287
5,2,TKH,0.23828716576099396
5,2,CKH,0.4220653474330902
5,2,PKH,0.34093815088272095
5,2,TTS,0.3120272755622864
5,2,CTS,0.45624351501464844
5,2,PTS,0.31953296065330505
5,2,MF_F02D41,0.22507555782794952
5,2,MF_F02B33,0.03875168785452843
5,2,MF_F02D23,0.06971317529678345
5,2,MF_F02B37,0.08558734506368637
5,2,MF_F02M25,0.02222558856010437
5,2,MF_F01N3,0.00206691212952137
5,2,MF_F02N11,0.015618506819009781
5,2,MF_B60K6,0.0
5,2,MF_F02M37,0.024179445579648018
5,2,MF_F02M21,0.023647332563996315
5,2,MF_other,0.09663709998130798
5,2,var_conf_pro,0.3101310133934021
5,2,H_final,0.3302217721939087
5,2,delta_H,0.4358171820640564
5,2,conf_gap_change,0.4002690315246582
5,2,cross_domain_attack,0.37497881054878235
5,2,semantic_coherence,0.574550986289978
5,3,CTO,0.37714269757270813
5,3,STO,0.4265729784965515
5,3,PK,0.6688876152038574
5,3,SK,0.3886023163795471
5,3,TCT,0.8958552479743958
5,3,TS,0.47122737765312195
5,3,NC,0.2318049967288971
5,3,COL,0.006805317010730505
5,3,INV,0.22064781188964844
5,3,TKH,0.2932232916355133
5,3,CKH,0.3916085362434387
5,3,PKH,0.3487298786640167
5,3,TTS,0.3128190040588379
5,3,CTS,0.356748104095459
5,3,PTS,0.2501145005226135
5,3,MF_F02D41,0.09055633097887039
5,3,MF_F02B33,0.020853761583566666
5,3,MF_F02D23,0.03134554624557495
5,3,MF_F02B37,0.08099798858165741
5,3,MF_F02M25,0.05700479820370674
5,3,MF_F01N3,0.0
5,3,MF_F02M37,0.026303689926862717
5,3,MF_F02N11,0.007000354118645191
5,3,MF_B60K6,0.004073962569236755
5,3,MF_F02M21,0.021984616294503212
5,3,MF_other,0.13289006054401398
5,3,var_conf_pro,0.3582098186016083
5,3,H_final,0.42819464206695557
5,3,delta_H,0.4113398492336273
5,3,conf_gap_change,0.47390657663345337
5,3,cross_domain_attack,0.41627663373947144
5,3,semantic_coherence,0.5016409158706665
5,4,CTO,0.3521748185157776
5,4,STO,0.4293769299983978
5,4,PK,0.6019865870475769
5,4,SK,0.38815683126449585
5,4,TCT,0.9135335087776184
5,4,TS,0.3808937966823578
5,4,NC,0.28604423999786377
5,4,COL,0.0038822954520583153
5,4,INV,0.167684406042099
5,4,TKH,0.40724730491638184
5,4,CKH,0.5100264549255371
5,4,PKH,0.30534541606903076
5,4,TTS,0.33061331510543823
5,4,CTS,0.4565018117427826
5,4,PTS,0.30483198165893555
5,4,MF_F02D41,0.13581040501594543
5,4,MF_F02B33,0.015006313100457191
5,4,MF_F02D23,0.027509840205311775
5,4,MF_F02B37,0.07445508241653442
5,4,MF_F02M25,0.026464087888598442
5,4,MF_F01N3,0.0
5,4,MF_F02N11,0.0190968606621027
5,4,MF_F02M37,0.020370732992887497
5,4,MF_B60K6,0.014332445338368416
5,4,MF_F01L1,0.0
5,4,MF_other,0.07610957324504852
5,4,var_conf_pro,0.25612711906433105
5,4,H_final,0.6059595942497253
5,4,delta_H,0.5171314477920532
5,4,conf_gap_change,0.3426724672317505
5,4,cross_domain_attack,0.3618381917476654
5,4,semantic_coherence,0.536281168460846
5,5,CTO,0.37523552775382996
5,5,STO,0.4226492941379547
5,5,PK,0.7907156348228455
5,5,SK,0.2709897458553314
5,5,TCT,0.7279840707778931
5,5,TS,0.5697423219680786
5,5,NC,0.266960084438324
5,5,COL,0.01400048192590475
5,5,INV,0.231402188539505
5,5,TKH,0.31043392419815063
5,5,CKH,0.45171985030174255
5,5,PKH,0.3148233890533447
5,5,TTS,0.2507314682006836
5,5,CTS,0.45418399572372437
5,5,PTS,0.44908586144447327
5,5,MF_F02D41,0.12734994292259216
5,5,MF_F02B33,0.04214018955826759
5,5,MF_F02D23,0.048705220222473145
5,5,MF_F02B37,0.07862347364425659
5,5,MF_F02M25,0.042904388159513474
5,5,MF_F01N3,0.0
5,5,MF_F02M37,0.027616232633590698
5,5,MF_F02N11,0.0054171886295080185
5,5,MF_B60K6,0.006719197612255812
5,5,MF_F01L1,0.006446741987019777
5,5,MF_other,0.0608891099691391
5,5,var_conf_pro,0.23993398249149323
5,5,H_final,0.45575278997421265
5,5,delta_H,0.47329410910606384
5,5,conf_gap_change,0.3867969214916229
5,5,cross_domain_attack,0.3556552231311798
5,5,semantic_coherence,0.5111806988716125
5,6,CTO,0.35331490635871887
5,6,STO,0.42577019333839417
5,6,PK,0.62516850233078
5,6,SK,0.353761225938797
5,6,TCT,0.8671109676361084
5,6,TS,0.3742421269416809
5,6,NC,0.3154248893260956
5,6,COL,0.002845976036041975
5,6,INV,0.17604589462280273
5,6,TKH,0.2653316855430603
5,6,CKH,0.5675426125526428
5,6,PKH,0.27106842398643494
5,6,TTS,0.23589806258678436
5,6,CTS,0.4235871732234955
5,6,PTS,0.3310585916042328
5,6,MF_F02D41,0.09532474726438522
5,6,MF_F02B33,0.056894488632678986
5,6,MF_F02D23,0.07499852031469345
5,6,MF_F02B37,0.05436307191848755
5,6,MF_F02M25,0.052018921822309494
5,6,MF_F01N3,0.0
5,6,MF_F02M37,0.01927977241575718
5,6,MF_F02N11,0.0
5,6,MF_B60K6,0.0
5,6,MF_F01L1,0.0021403187420219183
5,6,MF_other,0.08446303755044937
5,6,var_conf_pro,0.35362836718559265
5,6,H_final,0.45647406578063965
5,6,delta_H,0.4478670358657837
5,6,conf_gap_change,0.48832204937934875
5,6,cross_domain_attack,0.31815290451049805
5,6,semantic_coherence,0.5159449577331543
5,7,CTO,0.31562402844429016
5,7,STO,0.40608248114585876
5,7,PK,0.6067333221435547
5,7,SK,0.3163451552391052
5,7,TCT,0.7549075484275818
5,7,TS,0.37554076313972473
5,7,NC,0.3013724088668823
5,7,COL,0.0309955645352602
5,7,INV,0.17403219640254974
5,7,TKH,0.24921631813049316
5,7,CKH,0.5383026003837585
5,7,PKH,0.32469433546066284
5,7,TTS,0.2668794095516205
5,7,CTS,0.518279492855072
5,7,PTS,0.316992849111557
5,7,MF_F02D41,0.06957004219293594
5,7,MF_F02B33,0.028430229052901268
5,7,MF_F02D23,0.06259246170520782
5,7,MF_F02B37,0.08289860934019089
5,7,MF_F02M25,0.08150909841060638
5,7,MF_F01N3,0.0
5,7,MF_F02M37,0.019061680883169174
5,7,MF_B60K6,0.0
5,7,MF_F02N11,0.0019723214209079742
5,7,MF_F01L1,0.0
5,7,MF_other,0.05851759761571884
5,7,var_conf_pro,0.3471800982952118
5,7,H_final,0.5432364344596863
5,7,delta_H,0.45157530903816223
5,7,conf_gap_change,0.39835405349731445
5,7,cross_domain_attack,0.3036988079547882
5,7,semantic_coherence,0.5610589385032654
5,8,CTO,0.3577089309692383
5,8,STO,0.4080755412578583
5,8,PK,0.747194766998291
5,8,SK,0.3602011501789093
5,8,TCT,0.8404097557067871
5,8,TS,0.5684329271316528
5,8,NC,0.3437972962856293
5,8,COL,0.0
5,8,INV,0.24169784784317017
5,8,TKH,0.23044224083423615
5,8,CKH,0.5235716104507446
5,8,PKH,0.30983826518058777
5,8,TTS,0.30060696601867676
5,8,CTS,0.3717139959335327
5,8,PTS,0.3341495394706726
5,8,MF_F02D41,0.15618054568767548
5,8,MF_F02B33,0.02359543927013874
5,8,MF_F02D23,0.021537991240620613
5,8,MF_F02B37,0.12149951606988907
5,8,MF_F02M25,0.03664444014430046
5,8,MF_F01N3,0.0
5,8,MF_F02M37,0.017138779163360596
5,8,MF_B60K6,0.0
5,8,MF_F02N11,0.008331106044352055
5,8,MF_F02M21,0.022176997736096382
5,8,MF_other,0.13462944328784943
5,8,var_conf_pro,0.2685629427433014
5,8,H_final,0.4111824929714203
5,8,delta_H,0.3867693245410919
5,8,conf_gap_change,0.4790027141571045
5,8,cross_domain_attack,0.3921581208705902
5,8,semantic_coherence,0.4825408458709717
5,9,CTO,0.32532307505607605
5,9,STO,0.3627799153327942
5,9,PK,0.6541990041732788
5,9,SK,0.31613844633102417
5,9,TCT,0.8805431723594666
5,9,TS,0.40764734148979187
5,9,NC,0.3094146251678467
5,9,COL,0.01161616388708353
5,9,INV,0.15958668291568756
5,9,TKH,0.24961735308170319
5,9,CKH,0.5801994800567627
5,9,PKH,0.2928106188774109
5,9,TTS,0.3128626048564911
5,9,CTS,0.5303555130958557
5,9,PTS,0.29845404624938965
5,9,MF_F02D41,0.08957690745592117
5,9,MF_F02B33,0.04564961418509483
5,9,MF_F02D23,0.025387292727828026
5,9,MF_F02B37,0.0751504972577095
5,9,MF_F02M25,0.03270780295133591
5,9,MF_F01N3,0.0
5,9,MF_F02M37,0.00814507994800806
5,9,MF_F02N11,0.021670209243893623
5,9,MF_B60K6,0.0
5,9,MF_F01L1,0.002540021203458309
5,9,MF_other,0.07950664311647415
5,9,var_conf_pro,0.37748491764068604
5,9,H_final,0.4486408829689026
5,9,delta_H,0.4868333339691162
5,9,conf_gap_change,0.3524758219718933
5,9,cross_domain_attack,0.43253636360168457
5,9,semantic_coherence,0.5587113499641418
5,10,CTO,0.4546715021133423
5,10,STO,0.45396852493286133
5,10,PK,0.5522425770759583
5,10,SK,0.276993066072464
5,10,TCT,0.7520233988761902
5,10,TS,0.516818642616272
5,10,NC,0.301000714302063
5,10,COL,0.017734941095113754
5,10,INV,0.26802998781204224
5,10,TKH,0.2823790907859802
5,10,CKH,0.4975392818450928
5,10,PKH,0.21018914878368378
5,10,TTS,0.32102498412132263
5,10,CTS,0.4213482439517975
5,10,PTS,0.27276700735092163
5,10,MF_F02D41,0.14095032215118408
5,10,MF_F02B33,0.024866625666618347
5,10,MF_F02D23,0.06648913770914078
5,10,MF_F02B37,0.0657481774687767
5,10,MF_F02M25,0.046683959662914276
5,10,MF_F01N3,0.0019809247460216284
5,10,MF_B60K6,0.0
5,10,MF_F02M37,0.04477237910032272
5,10,MF_F02M21,0.01281901728361845
5,10,MF_F02N11,0.026514556258916855
5,10,MF_other,0.10600132495164871
5,10,var_conf_pro,0.326497882604599
5,10,H_final,0.30250656604766846
5,10,delta_H,0.43393102288246155
5,10,conf_gap_change,0.36833420395851135
5,10,cross_domain_attack,0.45503705739974976
5,10,semantic_coherence,0.4845258295536041
5,11,CTO,0.30886733531951904
5,11,STO,0.39361417293548584
5,11,PK,0.5479092001914978
5,11,SK,0.31004786491394043
5,11,TCT,0.8550717830657959
5,11,TS,0.4251365065574646
5,11,NC,0.3086181581020355
5,11,COL,0.013318909332156181
5,11,INV,0.2041943371295929
5,11,TKH,0.25610634684562683
5,11,CKH,0.4835556745529175
5,11,PKH,0.39960968494415283
5,11,TTS,0.35076093673706055
5,11,CTS,0.4973664879798889
5,11,PTS,0.3132920563220978
5,11,MF_F02D41,0.1675127148628235
5,11,MF_F02B33,0.021862048655748367
5,11,MF_F02D23,0.06389982998371124
5,11,MF_F02B37,0.08665809780359268
5,11,MF_F02M25,0.04567301645874977
5,11,MF_F01N3,0.0
5,11,MF_B60K6,0.0
5,11,MF_F02M37,0.02320963703095913
5,11,MF_F02M21,0.025500508025288582
5,11,MF_F02N11,0.009124542586505413
5,11,MF_other,0.0780688151717186
5,11,var_conf_pro,0.2821716070175171
5,11,H_final,0.34004268050193787
5,11,delta_H,0.381681889295578
5,11,conf_gap_change,0.3734547197818756
5,11,cross_domain_attack,0.35339733958244324
5,11,semantic_coherence,0.5435997843742371
5,12,CTO,0.4022693336009979
5,12,STO,0.44626396894454956
5,12,PK,0.6582578420639038
5,12,SK,0.3407399356365204
5,12,TCT,0.7986006736755371
5,12,TS,0.5061405301094055
5,12,NC,0.26815783977508545
5,12,COL,0.0054601579904556274
5,12,INV,0.26391133666038513
5,12,TKH,0.20564065873622894
5,12,CKH,0.5349803566932678
5,12,PKH,0.3320513665676117
5,12,TTS,0.31214669346809387
5,12,CTS,0.4314218759536743
5,12,PTS,0.2781161665916443
5,12,MF_F02D41,0.1339866816997528
5,12,MF_F02B33,0.037497375160455704
5,12,MF_F02D23,0.02232101559638977
5,12,MF_F02B37,0.08832193911075592
5,12,MF_F02M25,0.048065248876810074
5,12,MF_F01N3,0.0
5,12,MF_F02M37,0.025218380615115166
5,12,MF_F02N11,0.017393819987773895
5,12,MF_F01L1,0.0
5,12,MF_B60K6,0.01979130506515503
5,12,MF_other,0.06417630612850189
5,12,var_conf_pro,0.28802090883255005
5,12,H_final,0.36661744117736816
5,12,delta_H,0.5246194005012512
5,12,conf_gap_change,0.3735288381576538
5,12,cross_domain_attack,0.4179190397262573
5,12,semantic_coherence,0.5097911357879639
5,13,CTO,0.35385316610336304
5,13,STO,0.418796181678772
5,13,PK,0.5767024755477905
5,13,SK,0.31886518001556396
5,13,TCT,0.8190913796424866
5,13,TS,0.4556731879711151
5,13,NC,0.3047449588775635
5,13,COL,0.029728008434176445
5,13,INV,0.2468031495809555
5,13,TKH,0.3124316930770874
5,13,CKH,0.4454571306705475
5,13,PKH,0.425272136926651
5,13,TTS,0.29973694682121277
5,13,CTS,0.3981640338897705
5,13,PTS,0.23483958840370178
5,13,MF_F02D41,0.20166979730129242
5,13,MF_F02B33,0.026919124647974968
5,13,MF_F02D23,0.029390202835202217
5,13,MF_F02B37,0.07395761460065842
5,13,MF_F02M25,0.04005787894129753
5,13,MF_F01N3,0.0
5,13,MF_F02M37,0.02932751178741455
5,13,MF_B60K6,0.002598460065200925
5,13,MF_F02P5,0.0
5,13,MF_F02N11,0.02671625465154648
5,13,MF_other,0.07062473148107529
5,13,var_conf_pro,0.2955554127693176
5,13,H_final,0.43285083770751953
5,13,delta_H,0.5177255272865295
5,13,conf_gap_change,0.37046489119529724
5,13,cross_domain_attack,0.4182703495025635
5,13,semantic_coherence,0.5390568375587463
5,14,CTO,0.37738049030303955
5,14,STO,0.42888301610946655
5,14,PK,0.6546452045440674
5,14,SK,0.326957643032074
5,14,TCT,0.743478000164032
5,14,TS,0.4651661813259125
5,14,NC,0.3290300965309143
5,14,COL,0.014079012908041477
5,14,INV,0.2189931869506836
5,14,TKH,0.2806321084499359
5,14,CKH,0.5642340779304504
5,14,PKH,0.28570032119750977
5,14,TTS,0.3026201128959656
5,14,CTS,0.5130735635757446
5,14,PTS,0.2645696699619293
5,14,MF_F02D41,0.14140495657920837
5,14,MF_F02B33,0.018986554816365242
5,14,MF_F02D23,0.05611240491271019
5,14,MF_F02B37,0.0704706683754921
5,14,MF_F02M25,0.03458806127309799
5,14,MF_F01N3,0.0
5,14,MF_F02M37,0.03985759988427162
5,14,MF_B60K6,0.002595690544694662
5,14,MF_F02N11,0.00857322383671999
5,14,MF_F02B75,0.006054396741092205
5,14,MF_other,0.058776989579200745
5,14,var_conf_pro,0.32827264070510864
5,14,H_final,0.5988176465034485
5,14,delta_H,0.3867059350013733
5,14,conf_gap_change,0.3634985685348511
5,14,cross_domain_attack,0.35456401109695435
5,14,semantic_coherence,0.4905432462692261
5,15,CTO,0.3079385757446289
5,15,STO,0.35552215576171875
5,15,PK,0.5516664385795593
5,15,SK,0.3079693019390106
5,15,TCT,0.7980237603187561
5,15,TS,0.4691656529903412
5,15,NC,0.3056338131427765
5,15,COL,0.003876936389133334
5,15,INV,0.2257753312587738
5,15,TKH,0.3022207021713257
5,15,CKH,0.4552363157272339
5,15,PKH,0.33429205417633057
5,15,TTS,0.28517767786979675
5,15,CTS,0.5496112108230591
5,15,PTS,0.42053458094596863
5,15,MF_F02D41,0.1138724833726883
5,15,MF_F02B33,0.02878103218972683
5,15,MF_F02D23,0.03580774366855621
5,15,MF_F02B37,0.05749368667602539
5,15,MF_F02M25,0.02478906139731407
5,15,MF_F01N3,0.006105365231633186
5,15,MF_F02M37,0.015869854018092155
5,15,MF_F02N11,0.01762745901942253
5,15,MF_B60K6,0.0
5,15,MF_F02M21,0.017144886776804924
5,15,MF_other,0.06755279004573822
5,15,var_conf_pro,0.30126792192459106
5,15,H_final,0.4982622265815735
5,15,delta_H,0.5037072896957397
5,15,conf_gap_change,0.36250215768814087
5,15,cross_domain_attack,0.3203652799129486
5,15,semantic_coherence,0.6433601975440979
5,16,CTO,0.40187251567840576
5,16,STO,0.42493942379951477
5,16,PK,0.5290420055389404
5,16,SK,0.34802910685539246
5,16,TCT,0.7759860754013062
5,16,TS,0.4521264135837555
5,16,NC,0.3183823823928833
5,16,COL,0.014233130030333996
5,16,INV,0.1781824380159378
5,16,TKH,0.4185086786746979
5,16,CKH,0.5040408968925476
5,16,PKH,0.4083331525325775
5,16,TTS,0.19273893535137177
5,16,CTS,0.5407438278198242
5,16,PTS,0.22687828540802002
5,16,MF_F02D41,0.15227355062961578
5,16,MF_F02B33,0.04148336872458458
5,16,MF_F02D23,0.04784192517399788
5,16,MF_F02B37,0.07070545852184296
5,16,MF_F02M25,0.03587738424539566
5,16,MF_F01N3,0.0022557510528713465
5,16,MF_F02M37,0.030399896204471588
5,16,MF_F02N11,0.025844942778348923
5,16,MF_B60K6,0.0
5,16,MF_F01L1,0.0
5,16,MF_other,0.08040774613618851
5,16,var_conf_pro,0.35967859625816345
5,16,H_final,0.46481913328170776
5,16,delta_H,0.44571593403816223
5,16,conf_gap_change,0.4118124544620514
5,16,cross_domain_attack,0.2685733139514923
5,16,semantic_coherence,0.4812527000904083
5,17,CTO,0.3830341398715973
5,17,STO,0.4668251574039459
5,17,PK,0.6293787360191345
5,17,SK,0.36936286091804504
5,17,TCT,0.7893951535224915
5,17,TS,0.4622386395931244
5,17,NC,0.27013200521469116
5,17,COL,0.009443731978535652
5,17,INV,0.22289448976516724
5,17,TKH,0.3431565761566162
5,17,CKH,0.4495193660259247
5,17,PKH,0.2350098192691803
5,17,TTS,0.24529863893985748
5,17,CTS,0.36136510968208313
5,17,PTS,0.3108411431312561
5,17,MF_F02D41,0.13769297301769257
5,17,MF_F02B33,0.02185603603720665
5,17,MF_F02D23,0.022617822512984276
5,17,MF_F02B37,0.07482746988534927
5,17,MF_F02M25,0.04563717171549797
5,17,MF_F01N3,0.01758674904704094
5,17,MF_F02M37,0.02722836285829544
5,17,MF_B60K6,0.0
5,17,MF_F02N11,0.024686522781848907
5,17,MF_F01L1,0.0
5,17,MF_other,0.06419074535369873
5,17,var_conf_pro,0.27331486344337463
5,17,H_final,0.5990095734596252
5,17,delta_H,0.5128944516181946
5,17,conf_gap_change,0.33777764439582825
5,17,cross_domain_attack,0.2884846031665802
5,17,semantic_coherence,0.5461517572402954
5,18,CTO,0.35700830817222595
5,18,STO,0.36896616220474243
5,18,PK,0.6005250811576843
5,18,SK,0.324480265378952
5,18,TCT,0.8268099427223206
5,18,TS,0.46464136242866516
5,18,NC,0.2633998692035675
5,18,COL,0.008525945246219635
5,18,INV,0.20528380572795868
5,18,TKH,0.33506831526756287
5,18,CKH,0.5883219838142395
5,18,PKH,0.25331544876098633
5,18,TTS,0.31002408266067505
5,18,CTS,0.4576868712902069
5,18,PTS,0.4093177318572998
5,18,MF_F02D41,0.10939013957977295
5,18,MF_F02B33,0.017731618136167526
5,18,MF_F02D23,0.017775049433112144
5,18,MF_F02B37,0.07602359354496002
5,18,MF_F02M25,0.04446477070450783
5,18,MF_F01N3,0.005709855817258358
5,18,MF_B60K6,0.0
5,18,MF_F02N11,0.00543530099093914
5,18,MF_F02M37,0.028273051604628563
5,18,MF_F01L1,0.0
5,18,MF_other,0.07308025658130646
5,18,var_conf_pro,0.29005497694015503
5,18,H_final,0.4589204490184784
5,18,delta_H,0.4411798119544983
5,18,conf_gap_change,0.4358232915401459
5,18,cross_domain_attack,0.30682143568992615
5,18,semantic_coherence,0.47738102078437805
10,42,CTO,0.2802847623825073
10,42,STO,0.33105912804603577
10,42,PK,0.46204638481140137
10,42,SK,0.2275557667016983
10,42,TCT,0.7392929196357727
10,42,TS,0.6963368654251099
10,42,NC,0.29765957593917847
10,42,COL,0.023318519815802574
10,42,INV,0.177161306142807
10,42,TKH,0.34426751732826233
10,42,CKH,0.38227924704551697
10,42,PKH,0.2301998883485794
10,42,TTS,0.26625317335128784
10,42,CTS,0.39404818415641785
10,42,PTS,0.3696262836456299
10,42,MF_F02D41,0.10606301575899124
10,42,MF_F02B33,0.06412117183208466
10,42,MF_F02D23,0.03545602411031723
10,42,MF_F02B37,0.04291628673672676
10,42,MF_F02M25,0.01822277158498764
10,42,MF_F01N3,0.001810936606489122
10,42,MF_F02M37,0.03849688172340393
10,42,MF_F02N11,0.024755625054240227
10,42,MF_B60K6,0.005179502535611391
10,42,MF_F01L1,0.005673298146575689
10,42,MF_other,0.0736580640077591
10,42,var_conf_pro,0.3088928163051605
10,42,H_final,0.36618950963020325
10,42,delta_H,0.34230634570121765
10,42,conf_gap_change,0.3380315601825714
10,42,cross_domain_attack,0.18152040243148804
10,42,semantic_coherence,0.39579901099205017
10,0,CTO,0.2740515172481537
10,0,STO,0.3719538450241089
10,0,PK,0.3492588698863983
10,0,SK,0.20941868424415588
10,0,TCT,0.7235155701637268
10,0,TS,0.6609914302825928
10,0,NC,0.29810523986816406
10,0,COL,0.007013965398073196
10,0,INV,0.18949270248413086
10,0,TKH,0.28081467747688293
10,0,CKH,0.5043058395385742
10,0,PKH,0.24792411923408508
10,0,TTS,0.2315586656332016
10,0,CTS,0.5053403377532959
10,0,PTS,0.32831379771232605
10,0,MF_F02D41,0.05638837069272995
10,0,MF_F02B33,0.09733627736568451
10,0,MF_F02D23,0.026486236602067947
10,0,MF_F02B37,0.023969845846295357
10,0,MF_F02M25,0.027385281398892403
10,0,MF_F01N3,0.003418907057493925
10,0,MF_B60K6,0.0049643125385046005
10,0,MF_F02N11,0.0
10,0,MF_F02M37,0.014869359321892262
10,0,MF_F02M21,0.01726195029914379
10,0,MF_other,0.09263995289802551
10,0,var_conf_pro,0.31651023030281067
10,0,H_final,0.4099884629249573
10,0,delta_H,0.33411505818367004
10,0,conf_gap_change,0.2957169711589813
10,0,cross_domain_attack,0.17852653563022614
10,0,semantic_coherence,0.3845021724700928
10,1,CTO,0.31694111227989197
10,1,STO,0.3052583932876587
10,1,PK,0.43579772114753723
10,1,SK,0.24197819828987122
10,1,TCT,0.78146892786026
10,1,TS,0.6258718967437744
10,1,NC,0.3586188852787018
10,1,COL,0.0033907252363860607
10,1,INV,0.14268673956394196
10,1,TKH,0.2620178461074829
10,1,CKH,0.49311503767967224
10,1,PKH,0.27949008345603943
10,1,TTS,0.2721281349658966
10,1,CTS,0.3796541690826416
10,1,PTS,0.22486311197280884
10,1,MF_F02D41,0.06807546317577362
10,1,MF_F02B33,0.08426069468259811
10,1,MF_F02D23,0.030324989929795265
10,1,MF_F02B37,0.03811630606651306
10,1,MF_F02M25,0.02314474806189537
10,1,MF_F01N3,0.0034178339410573244
10,1,MF_F02M37,0.027554189786314964
10,1,MF_F02N11,0.0038534640334546566
10,1,MF_B60K6,0.004585747141391039
10,1,MF_F01L1,0.0
10,1,MF_other,0.07576999813318253
10,1,var_conf_pro,0.3216533064842224
10,1,H_final,0.45829710364341736
10,1,delta_H,0.3823450803756714
10,1,conf_gap_change,0.37709736824035645
10,1,cross_domain_attack,0.18222913146018982
10,1,semantic_coherence,0.4019526541233063
10,2,CTO,0.2774186134338379
10,2,STO,0.36942777037620544
10,2,PK,0.4320533275604248
10,2,SK,0.20253171026706696
10,2,TCT,0.7794575095176697
10,2,TS,0.7408513426780701
10,2,NC,0.2872982621192932
10,2,COL,0.023766610771417618
10,2,INV,0.16255086660385132
10,2,TKH,0.28288090229034424
10,2,CKH,0.5893290638923645
10,2,PKH,0.3352709412574768
10,2,TTS,0.2800664007663727
10,2,CTS,0.46961677074432373
10,2,PTS,0.19835413992404938
10,2,MF_F02D41,0.06794869899749756
10,2,MF_F02B33,0.08593776077032089
10,2,MF_F02D23,0.024235516786575317
10,2,MF_F02B37,0.018393076956272125
10,2,MF_F02M25,0.009096062742173672
10,2,MF_F01N3,0.0010765967890620232
10,2,MF_F02N11,0.00400295527651906
10,2,MF_F02M37,0.03858790546655655
10,2,MF_F02M21,0.003151599783450365
10,2,MF_B60K6,0.0026327192317694426
10,2,MF_other,0.16299006342887878
10,2,var_conf_pro,0.27258244156837463
10,2,H_final,0.4445705711841583
10,2,delta_H,0.3161660432815552
10,2,conf_gap_change,0.3252969980239868
10,2,cross_domain_attack,0.14527733623981476
10,2,semantic_coherence,0.45364680886268616
10,3,CTO,0.2710239887237549
10,3,STO,0.36863070726394653
10,3,PK,0.3127015233039856
10,3,SK,0.22649191319942474
10,3,TCT,0.8155663013458252
10,3,TS,0.6477672457695007
10,3,NC,0.3357391059398651
10,3,COL,0.0034107251558452845
10,3,INV,0.19248861074447632
10,3,TKH,0.28153687715530396
10,3,CKH,0.509817361831665
10,3,PKH,0.29509761929512024
10,3,TTS,0.27155086398124695
10,3,CTS,0.42505571246147156
10,3,PTS,0.2757054567337036
10,3,MF_F02D41,0.10496345907449722
10,3,MF_F02B33,0.06857012957334518
10,3,MF_F02D23,0.027845002710819244
10,3,MF_F02B37,0.03887646645307541
10,3,MF_F02M25,0.036706358194351196
10,3,MF_F01N3,0.002066729124635458
10,3,MF_B60K6,0.0
10,3,MF_F02N11,0.002588864415884018
10,3,MF_F02M37,0.0020292007829993963
10,3,MF_F02P5,0.003560655051842332
10,3,MF_other,0.07906030863523483
10,3,var_conf_pro,0.2872513234615326
10,3,H_final,0.34417468309402466
10,3,delta_H,0.2776694893836975
10,3,conf_gap_change,0.27178099751472473
10,3,cross_domain_attack,0.21669957041740417
10,3,semantic_coherence,0.37617814540863037
10,4,CTO,0.29366743564605713
10,4,STO,0.5561725497245789
10,4,PK,0.3403110206127167
10,4,SK,0.19646228849887848
10,4,TCT,0.7385717034339905
10,4,TS,0.6699069142341614
10,4,NC,0.33806121349334717
10,4,COL,0.005751722026616335
10,4,INV,0.17275646328926086
10,4,TKH,0.42224082350730896
10,4,CKH,0.516642153263092
10,4,PKH,0.281546950340271
10,4,TTS,0.2908809781074524
10,4,CTS,0.4565420150756836
10,4,PTS,0.2143927812576294
10,4,MF_F02D41,0.0673377588391304
10,4,MF_F02B33,0.05214911699295044
10,4,MF_F02D23,0.02614695392549038
10,4,MF_F02B37,0.02218111976981163
10,4,MF_F02M25,0.024974854663014412
10,4,MF_F01N3,0.006164587568491697
10,4,MF_B60K6,0.003423525718972087
10,4,MF_F02N11,0.006800468545407057
10,4,MF_F02M37,0.020594727247953415
10,4,MF_F01L1,0.0
10,4,MF_other,0.0838140994310379
10,4,var_conf_pro,0.31456008553504944
10,4,H_final,0.44079819321632385
10,4,delta_H,0.3172192871570587
10,4,conf_gap_change,0.31953585147857666
10,4,cross_domain_attack,0.20723895728588104
10,4,semantic_coherence,0.42607754468917847
10,5,CTO,0.31881335377693176
10,5,STO,0.30755165219306946
10,5,PK,0.48900458216667175
10,5,SK,0.1736559122800827
10,5,TCT,0.8050000071525574
10,5,TS,0.5824714303016663
10,5,NC,0.26072701811790466
10,5,COL,0.0127507159486413
10,5,INV,0.1831800788640976
10,5,TKH,0.2609802484512329
10,5,CKH,0.4390279948711395
10,5,PKH,0.3116174340248108
10,5,TTS,0.28559085726737976
10,5,CTS,0.46272847056388855
10,5,PTS,0.23375722765922546
10,5,MF_F02D41,0.05978786200284958
10,5,MF_F02B33,0.08843933045864105
10,5,MF_F02D23,0.028245361521840096
10,5,MF_F02B37,0.022942855954170227
10,5,MF_F02M25,0.03111838549375534
10,5,MF_F01N3,0.001219718949869275
10,5,MF_F02M37,0.03943337872624397
10,5,MF_F02N11,0.0034317788667976856
10,5,MF_B60K6,0.0020154407247900963
10,5,MF_F01L1,0.004933394957333803
10,5,MF_other,0.0627676397562027
10,5,var_conf_pro,0.26316988468170166
10,5,H_final,0.3173048496246338
10,5,delta_H,0.3252716660499573
10,5,conf_gap_change,0.32771390676498413
10,5,cross_domain_attack,0.29358556866645813
10,5,semantic_coherence,0.3915684223175049
10,6,CTO,0.3177127540111542
10,6,STO,0.4390573799610138
10,6,PK,0.4194308817386627
10,6,SK,0.18860797584056854
10,6,TCT,0.7511889338493347
10,6,TS,0.7309715151786804
10,6,NC,0.2990534007549286
10,6,COL,0.005921288393437862
10,6,INV,0.20210051536560059
10,6,TKH,0.3244261145591736
10,6,CKH,0.45383748412132263
10,6,PKH,0.2384415566921234
10,6,TTS,0.23336957395076752
10,6,CTS,0.4108627140522003
10,6,PTS,0.3373960554599762
10,6,MF_F02D41,0.07383228838443756
10,6,MF_F02B33,0.0627380907535553
10,6,MF_F02D23,0.03284521773457527
10,6,MF_F02B37,0.049266282469034195
10,6,MF_F02M25,0.017301689833402634
10,6,MF_F01N3,0.0024206333328038454
10,6,MF_F02M37,0.029180563986301422
10,6,MF_F02N11,0.0020855837501585484
10,6,MF_B60K6,0.0019324248423799872
10,6,MF_F01L1,0.011058743111789227
10,6,MF_other,0.0681328997015953
10,6,var_conf_pro,0.2880457639694214
10,6,H_final,0.3225181996822357
10,6,delta_H,0.37269842624664307
10,6,conf_gap_change,0.336747407913208
10,6,cross_domain_attack,0.13829068839550018
10,6,semantic_coherence,0.43863949179649353
10,7,CTO,0.3012426793575287
10,7,STO,0.3533202111721039
10,7,PK,0.3671547472476959
10,7,SK,0.23434659838676453
10,7,TCT,0.7884478569030762
10,7,TS,0.6140109896659851
10,7,NC,0.2957508862018585
10,7,COL,0.015095492824912071
10,7,INV,0.2045840471982956
10,7,TKH,0.259652704000473
10,7,CKH,0.49661242961883545
10,7,PKH,0.24583017826080322
10,7,TTS,0.29190054535865784
10,7,CTS,0.43462038040161133
10,7,PTS,0.26273268461227417
10,7,MF_F02D41,0.0654204860329628
10,7,MF_F02B33,0.060818854719400406
10,7,MF_F02D23,0.045184653252363205
10,7,MF_F02B37,0.024319246411323547
10,7,MF_F02M25,0.01735755242407322
10,7,MF_F01N3,0.0019806744530797005
10,7,MF_F02M37,0.023857031017541885
10,7,MF_F02N11,0.0063481405377388
10,7,MF_B60K6,0.009728939272463322
10,7,MF_F01L1,0.0050787306390702724
10,7,MF_other,0.08122140169143677
10,7,var_conf_pro,0.28016093373298645
10,7,H_final,0.5178775191307068
10,7,delta_H,0.37006285786628723
10,7,conf_gap_change,0.29784178733825684
10,7,cross_domain_attack,0.18878746032714844
10,7,semantic_coherence,0.35807839035987854
10,8,CTO,0.32777273654937744
10,8,STO,0.4039156436920166
10,8,PK,0.4343162178993225
10,8,SK,0.22320251166820526
10,8,TCT,0.748134970664978
10,8,TS,0.6905912756919861
10,8,NC,0.2740929126739502
10,8,COL,0.017209047451615334
10,8,INV,0.18688523769378662
10,8,TKH,0.2525416314601898
10,8,CKH,0.47525259852409363
10,8,PKH,0.3131066560745239
10,8,TTS,0.26375579833984375
10,8,CTS,0.3662402629852295
10,8,PTS,0.23308856785297394
10,8,MF_F02D41,0.057256799191236496
10,8,MF_F02B33,0.06581933051347733
10,8,MF_F02D23,0.047221288084983826
10,8,MF_F02B37,0.02258039079606533
10,8,MF_F02M25,0.024813739582896233
10,8,MF_F01N3,0.008737257681787014
10,8,MF_F02N11,0.012620928697288036
10,8,MF_B60K6,0.006641644053161144
10,8,MF_F02M37,0.032421890646219254
10,8,MF_F02M21,0.0031420455779880285
10,8,MF_other,0.09740042686462402
10,8,var_conf_pro,0.27982407808303833
10,8,H_final,0.3961092531681061
10,8,delta_H,0.3731521666049957
10,8,conf_gap_change,0.27470850944519043
10,8,cross_domain_attack,0.19845546782016754
10,8,semantic_coherence,0.38108566403388977
10,9,CTO,0.30414557456970215
10,9,STO,0.3855676054954529
10,9,PK,0.45278996229171753
10,9,SK,0.25465700030326843
10,9,TCT,0.7470476627349854
10,9,TS,0.7326522469520569
10,9,NC,0.28879135847091675
10,9,COL,0.021028798073530197
10,9,INV,0.16733777523040771
10,9,TKH,0.25451719760894775
10,9,CKH,0.4639526307582855
10,9,PKH,0.28326714038848877
10,9,TTS,0.27082541584968567
10,9,CTS,0.3328326940536499
10,9,PTS,0.23678933084011078
10,9,MF_F02D41,0.0632941797375679
10,9,MF_F02B33,0.07163677364587784
10,9,MF_F02D23,0.031838349997997284
10,9,MF_F02B37,0.038149215281009674
10,9,MF_F02M25,0.015326330438256264
10,9,MF_F01N3,0.009016030468046665
10,9,MF_F02M37,0.022805912420153618
10,9,MF_F02N11,0.0058162459172308445
10,9,MF_B60K6,0.0018495367839932442
10,9,MF_F02P5,0.006885471288114786
10,9,MF_other,0.07366085797548294
10,9,var_conf_pro,0.2736414074897766
10,9,H_final,0.45555350184440613
10,9,delta_H,0.3591043949127197
10,9,conf_gap_change,0.3295850157737732
10,9,cross_domain_attack,0.20911535620689392
10,9,semantic_coherence,0.4239038825035095
10,10,CTO,0.31144243478775024
10,10,STO,0.42003288865089417
10,10,PK,0.43425509333610535
10,10,SK,0.21610693633556366
10,10,TCT,0.7637153267860413
10,10,TS,0.5966060161590576
10,10,NC,0.2953573167324066
10,10,COL,0.0074987513944506645
10,10,INV,0.16860492527484894
10,10,TKH,0.29932770133018494
10,10,CKH,0.511718213558197
10,10,PKH,0.2494392991065979
10,10,TTS,0.3052603304386139
10,10,CTS,0.3823576271533966
10,10,PTS,0.23711426556110382
10,10,MF_F02D41,0.13464903831481934
10,10,MF_F02B33,0.11469263583421707
10,10,MF_F02D23,0.029228076338768005
10,10,MF_F02B37,0.017167773097753525
10,10,MF_F02M25,0.01763649843633175
10,10,MF_F01N3,0.008174394257366657
10,10,MF_F02M37,0.024256199598312378
10,10,MF_F01L1,0.009971595369279385
10,10,MF_B60K6,0.0046567595563828945
10,10,MF_F02N11,0.007927261292934418
10,10,MF_other,0.06747789680957794
10,10,var_conf_pro,0.2879573404788971
10,10,H_final,0.35734766721725464
10,10,delta_H,0.3490627408027649
10,10,conf_gap_change,0.3286544382572174
10,10,cross_domain_attack,0.23177222907543182
10,10,semantic_coherence,0.3771621286869049
10,11,CTO,0.32287487387657166
10,11,STO,0.41289186477661133
10,11,PK,0.32765576243400574
10,11,SK,0.22970962524414062
10,11,TCT,0.7299348711967468
10,11,TS,0.6156737804412842
10,11,NC,0.300221711397171
10,11,COL,0.006459793541580439
10,11,INV,0.2329072654247284
10,11,TKH,0.31128033995628357
10,11,CKH,0.5220738649368286
10,11,PKH,0.35271596908569336
10,11,TTS,0.2704974412918091
10,11,CTS,0.4387047290802002
10,11,PTS,0.3070257604122162
10,11,MF_F02D41,0.1347307562828064
10,11,MF_F02B33,0.08157341927289963
10,11,MF_F02D23,0.021243130788207054
10,11,MF_F02B37,0.02778133936226368
10,11,MF_F02M25,0.033066000789403915
10,11,MF_F01N3,0.0
10,11,MF_F02N11,0.007354177534580231
10,11,MF_B60K6,0.008194653317332268
10,11,MF_F02M37,0.013261561281979084
10,11,MF_F01L1,0.010103097185492516
10,11,MF_other,0.06351315975189209
10,11,var_conf_pro,0.25448012351989746
10,11,H_final,0.36768868565559387
10,11,delta_H,0.3905872404575348
10,11,conf_gap_change,0.2936387062072754
10,11,cross_domain_attack,0.26600372791290283
10,11,semantic_coherence,0.40403759479522705
10,12,CTO,0.26518991589546204
10,12,STO,0.3624151647090912
10,12,PK,0.3804061710834503
10,12,SK,0.1973334401845932
10,12,TCT,0.730448842048645
10,12,TS,0.6115059852600098
10,12,NC,0.3233588635921478
10,12,COL,0.002897449303418398
10,12,INV,0.18910163640975952
10,12,TKH,0.3122662901878357
10,12,CKH,0.5083302855491638
10,12,PKH,0.2932257354259491
10,12,TTS,0.3025805950164795
10,12,CTS,0.4180861711502075
10,12,PTS,0.21785812079906464
10,12,MF_F02D41,0.10800808668136597
10,12,MF_F02B33,0.10399489104747772
10,12,MF_F02D23,0.031474769115448
10,12,MF_F02B37,0.033271726220846176
10,12,MF_F02M25,0.022283334285020828
10,12,MF_F01N3,0.005754341837018728
10,12,MF_F02M37,0.027868757024407387
10,12,MF_B60K6,0.005474865902215242
10,12,MF_F02N11,0.0025557500775903463
10,12,MF_F01L1,0.008254993706941605
10,12,MF_other,0.07351427525281906
10,12,var_conf_pro,0.2855565845966339
10,12,H_final,0.37801608443260193
10,12,delta_H,0.3382294476032257
10,12,conf_gap_change,0.33251988887786865
10,12,cross_domain_attack,0.22833183407783508
10,12,semantic_coherence,0.44883492588996887
10,13,CTO,0.2771194875240326
10,13,STO,0.37084320187568665
10,13,PK,0.4053090810775757
10,13,SK,0.26237109303474426
10,13,TCT,0.6995377540588379
10,13,TS,0.5913125276565552
10,13,NC,0.28774988651275635
10,13,COL,0.004253025632351637
10,13,INV,0.18669134378433228
10,13,TKH,0.2675406038761139
10,13,CKH,0.43055668473243713
10,13,PKH,0.3083347678184509
10,13,TTS,0.23363791406154633
10,13,CTS,0.46130606532096863
10,13,PTS,0.21049973368644714
10,13,MF_F02D41,0.04571866616606712
10,13,MF_F02B33,0.07781648635864258
10,13,MF_F02D23,0.03378520905971527
10,13,MF_F02B37,0.05733460932970047
10,13,MF_F02M25,0.019058335572481155
10,13,MF_F01N3,0.0071586971171200275
10,13,MF_F02N11,0.00223799841478467
10,13,MF_F02M37,0.01788194850087166
10,13,MF_B60K6,0.0
10,13,MF_F02M21,0.006927145179361105
10,13,MF_other,0.08070047199726105
10,13,var_conf_pro,0.3159700632095337
10,13,H_final,0.498909592628479
10,13,delta_H,0.37224432826042175
10,13,conf_gap_change,0.28398600220680237
10,13,cross_domain_attack,0.2052883505821228
10,13,semantic_coherence,0.3849792182445526
10,14,CTO,0.3068785071372986
10,14,STO,0.3523031771183014
10,14,PK,0.4187523424625397
10,14,SK,0.18798795342445374
10,14,TCT,0.7292606830596924
10,14,TS,0.7119383811950684
10,14,NC,0.26864388585090637
10,14,COL,0.012401426210999489
10,14,INV,0.17961649596691132
10,14,TKH,0.2419470250606537
10,14,CKH,0.5444558262825012
10,14,PKH,0.24859018623828888
10,14,TTS,0.3082514703273773
10,14,CTS,0.40468740463256836
10,14,PTS,0.24743910133838654
10,14,MF_F02D41,0.09539187699556351
10,14,MF_F02B33,0.08095131814479828
10,14,MF_F02D23,0.039670348167419434
10,14,MF_F02B37,0.03946104273200035
10,14,MF_F02M25,0.027638060972094536
10,14,MF_F01N3,0.0012561377370730042
10,14,MF_F02M37,0.008323769085109234
10,14,MF_F02N11,0.0026097598019987345
10,14,MF_B60K6,0.00825993437319994
10,14,MF_F01L1,0.009508976712822914
10,14,MF_other,0.09026002138853073
10,14,var_conf_pro,0.2465536892414093
10,14,H_final,0.38904818892478943
10,14,delta_H,0.3783847689628601
10,14,conf_gap_change,0.24673810601234436
10,14,cross_domain_attack,0.2853355407714844
10,14,semantic_coherence,0.4040842354297638
10,15,CTO,0.2733131945133209
10,15,STO,0.36527884006500244
10,15,PK,0.47615674138069153
10,15,SK,0.2171780914068222
10,15,TCT,0.776447594165802
10,15,TS,0.7251256108283997
10,15,NC,0.2731163501739502
10,15,COL,0.014268593862652779
10,15,INV,0.16867703199386597
10,15,TKH,0.3387734293937683
10,15,CKH,0.3756459951400757
10,15,PKH,0.34336432814598083
10,15,TTS,0.21990147233009338
10,15,CTS,0.4436298608779907
10,15,PTS,0.27829471230506897
10,15,MF_F02D41,0.07011478394269943
10,15,MF_F02B33,0.08682499825954437
10,15,MF_F02D23,0.01502962876111269
10,15,MF_F02B37,0.02950390614569187
10,15,MF_F02M25,0.019152171909809113
10,15,MF_F01N3,0.0020908936858177185
10,15,MF_F02M37,0.0437108650803566
10,15,MF_B60K6,0.0031382604502141476
10,15,MF_F01L1,0.0009970992105081677
10,15,MF_F02M21,0.01767299696803093
10,15,MF_other,0.06812003254890442
10,15,var_conf_pro,0.31065264344215393
10,15,H_final,0.3610410690307617
10,15,delta_H,0.3891182243824005
10,15,conf_gap_change,0.34350094199180603
10,15,cross_domain_attack,0.17563004791736603
10,15,semantic_coherence,0.40359458327293396
10,16,CTO,0.32428884506225586
10,16,STO,0.35544970631599426
10,16,PK,0.37981361150741577
10,16,SK,0.20766004920005798
10,16,TCT,0.7987932562828064
10,16,TS,0.6080209612846375
10,16,NC,0.3161205053329468
10,16,COL,0.015232070349156857
10,16,INV,0.17485885322093964
10,16,TKH,0.38529524207115173
10,16,CKH,0.442664235830307
10,16,PKH,0.19641505181789398
10,16,TTS,0.3645762503147125
10,16,CTS,0.3508921265602112
10,16,PTS,0.34092581272125244
10,16,MF_F02D41,0.08915474265813828
10,16,MF_F02B33,0.08108676970005035
10,16,MF_F02D23,0.020083095878362656
10,16,MF_F02B37,0.05267498269677162
10,16,MF_F02M25,0.02359824813902378
10,16,MF_F01N3,0.008383551612496376
10,16,MF_F02N11,0.01321424450725317
10,16,MF_F02M37,0.05432535707950592
10,16,MF_B60K6,0.006117489188909531
10,16,MF_F02P5,0.005485760513693094
10,16,MF_other,0.07727054506540298
10,16,var_conf_pro,0.31890207529067993
10,16,H_final,0.34316936135292053
10,16,delta_H,0.42179927229881287
10,16,conf_gap_change,0.26938435435295105
10,16,cross_domain_attack,0.3241439759731293
10,16,semantic_coherence,0.400872141122818
10,17,CTO,0.2622724175453186
10,17,STO,0.40152886509895325
10,17,PK,0.40875571966171265
10,17,SK,0.1786724179983139
10,17,TCT,0.8734092712402344
10,17,TS,0.5987222194671631
10,17,NC,0.28378191590309143
10,17,COL,0.023547058925032616
10,17,INV,0.17433597147464752
10,17,TKH,0.29495009779930115
10,17,CKH,0.5414676666259766
10,17,PKH,0.21398693323135376
10,17,TTS,0.18514558672904968
10,17,CTS,0.3566581904888153
10,17,PTS,0.2895594835281372
10,17,MF_F02D41,0.12752318382263184
10,17,MF_F02B33,0.09539765119552612
10,17,MF_F02D23,0.03680657967925072
10,17,MF_F02B37,0.03775794059038162
10,17,MF_F02M25,0.010618955828249454
10,17,MF_F01N3,0.0023049539886415005
10,17,MF_F02M37,0.03024565614759922
10,17,MF_B60K6,0.005551449488848448
10,17,MF_F02N11,0.019345657899975777
10,17,MF_F01L1,0.0046955072320997715
10,17,MF_other,0.07555191963911057
10,17,var_conf_pro,0.30044281482696533
10,17,H_final,0.3720659613609314
10,17,delta_H,0.30011695623397827
10,17,conf_gap_change,0.3206276297569275
10,17,cross_domain_attack,0.19860686361789703
10,17,semantic_coherence,0.41590845584869385
10,18,CTO,0.295497864484787
10,18,STO,0.32869866490364075
10,18,PK,0.4941926598548889
10,18,SK,0.1900433599948883
10,18,TCT,0.8532075881958008
10,18,TS,0.6170035004615784
10,18,NC,0.3119617998600006
10,18,COL,0.01705004833638668
10,18,INV,0.22190958261489868
10,18,TKH,0.4142836928367615
10,18,CKH,0.5002779960632324
10,18,PKH,0.2444586306810379
10,18,TTS,0.2433859258890152
10,18,CTS,0.33278152346611023
10,18,PTS,0.29033970832824707
10,18,MF_F02D41,0.09000742435455322
10,18,MF_F02B33,0.07656024396419525
10,18,MF_F02D23,0.0222003310918808
10,18,MF_F02B37,0.03820931166410446
10,18,MF_F02M25,0.02827291190624237
10,18,MF_F01N3,0.0
10,18,MF_F02M37,0.047372084110975266
10,18,MF_F02N11,0.007608834188431501
10,18,MF_F01L1,0.009359234012663364
10,18,MF_F02P5,0.006438154261559248
10,18,MF_other,0.06531725078821182
10,18,var_conf_pro,0.29317793250083923
10,18,H_final,0.48965761065483093
10,18,delta_H,0.3454870879650116
10,18,conf_gap_change,0.29521551728248596
10,18,cross_domain_attack,0.19562098383903503
10,18,semantic_coherence,0.4078092873096466
15,42,CTO,0.2817654013633728
15,42,STO,0.43016406893730164
15,42,PK,0.36423516273498535
15,42,SK,0.16804763674736023
15,42,TCT,0.7618076801300049
15,42,TS,0.5736377835273743
15,42,NC,0.3393924832344055
15,42,COL,0.007181230932474136
15,42,INV,0.15271402895450592
15,42,TKH,0.31315556168556213
15,42,CKH,0.585395872592926
15,42,PKH,0.23308910429477692
15,42,TTS,0.1901603639125824
15,42,CTS,0.38042983412742615
15,42,PTS,0.17672282457351685
15,42,MF_F02D41,0.10078682005405426
15,42,MF_F02B33,0.08617446571588516
15,42,MF_F02D23,0.03696339577436447
15,42,MF_F02B37,0.05321379378437996
15,42,MF_F02M25,0.0033263335935771465
15,42,MF_F01N3,0.0
15,42,MF_B60K6,0.0033979960717260838
15,42,MF_F02M37,0.016176657751202583
15,42,MF_F02N11,0.022915394976735115
15,42,MF_F01L1,0.0062055401504039764
15,42,MF_other,0.04027745500206947
15,42,var_conf_pro,0.3253536820411682
15,42,H_final,0.42338109016418457
15,42,delta_H,0.3363575041294098
15,42,conf_gap_change,0.29117485880851746
15,42,cross_domain_attack,0.1935507208108902
15,42,semantic_coherence,0.34862059354782104
15,0,CTO,0.2756296992301941
15,0,STO,0.39830178022384644
15,0,PK,0.4269134998321533
15,0,SK,0.20588690042495728
15,0,TCT,0.7856894731521606
15,0,TS,0.6205807328224182
15,0,NC,0.30335482954978943
15,0,COL,0.014559579081833363
15,0,INV,0.19226379692554474
15,0,TKH,0.31484290957450867
15,0,CKH,0.429256796836853
15,0,PKH,0.2202749103307724
15,0,TTS,0.25471535325050354
15,0,CTS,0.322373628616333
15,0,PTS,0.21198232471942902
15,0,MF_F02D41,0.09158629924058914
15,0,MF_F02B33,0.03962235525250435
15,0,MF_F02D23,0.03211463242769241
15,0,MF_F02B37,0.04168028384447098
15,0,MF_F02M25,0.01722176931798458
15,0,MF_F01N3,0.005290364846587181
15,0,MF_F02N11,0.01663658767938614
15,0,MF_F02M37,0.03613927587866783
15,0,MF_B60K6,0.0033922437578439713
15,0,MF_F02M21,0.0074990298599004745
15,0,MF_other,0.10298262536525726
15,0,var_conf_pro,0.295701801776886
15,0,H_final,0.4631059765815735
15,0,delta_H,0.3474012017250061
15,0,conf_gap_change,0.30058470368385315
15,0,cross_domain_attack,0.23757216334342957
15,0,semantic_coherence,0.3548927903175354
15,1,CTO,0.2548745274543762
15,1,STO,0.4584929049015045
15,1,PK,0.34904906153678894
15,1,SK,0.1872515082359314
15,1,TCT,0.8156676292419434
15,1,TS,0.5256634950637817
15,1,NC,0.28377604484558105
15,1,COL,0.011088041588664055
15,1,INV,0.21926501393318176
15,1,TKH,0.3227658271789551
15,1,CKH,0.4833085238933563
15,1,PKH,0.3229471743106842
15,1,TTS,0.20559799671173096
15,1,CTS,0.37778037786483765
15,1,PTS,0.18749870359897614
15,1,MF_F02D41,0.07370898872613907
15,1,MF_F02B33,0.05204000324010849
15,1,MF_F02D23,0.04205292463302612
15,1,MF_F02B37,0.04850415140390396
15,1,MF_F02M25,0.012026280164718628
15,1,MF_F01N3,0.0029695904813706875
15,1,MF_F02M37,0.015543154440820217
15,1,MF_B60K6,0.0052284253761172295
15,1,MF_F02N11,0.007791465148329735
15,1,MF_F02M21,0.01678984984755516
15,1,MF_other,0.12321564555168152
15,1,var_conf_pro,0.2503829896450043
15,1,H_final,0.4130094051361084
15,1,delta_H,0.3109254539012909
15,1,conf_gap_change,0.293323814868927
15,1,cross_domain_attack,0.19462622702121735
15,1,semantic_coherence,0.3556399941444397
15,2,CTO,0.29357096552848816
15,2,STO,0.3969404101371765
15,2,PK,0.3834550380706787
15,2,SK,0.19002407789230347
15,2,TCT,0.7717149257659912
15,2,TS,0.6059007048606873
15,2,NC,0.30168721079826355
15,2,COL,0.039609991014003754
15,2,INV,0.1761121153831482
15,2,TKH,0.3547528386116028
15,2,CKH,0.48572543263435364
15,2,PKH,0.27757710218429565
15,2,TTS,0.2646787166595459
15,2,CTS,0.4137318730354309
15,2,PTS,0.19047081470489502
15,2,MF_F02D41,0.06846363097429276
15,2,MF_F02B33,0.062450580298900604
15,2,MF_F02D23,0.029214266687631607
15,2,MF_F02B37,0.056425824761390686
15,2,MF_F02M25,0.004610870499163866
15,2,MF_F01N3,0.004567879252135754
15,2,MF_F02M37,0.02625177800655365
15,2,MF_F01L1,0.006558965891599655
15,2,MF_F02M21,0.022307071834802628
15,2,MF_B60K6,0.00421760743483901
15,2,MF_other,0.080600306391716
15,2,var_conf_pro,0.2771185338497162
15,2,H_final,0.44246700406074524
15,2,delta_H,0.3196437358856201
15,2,conf_gap_change,0.2800852656364441
15,2,cross_domain_attack,0.2658996880054474
15,2,semantic_coherence,0.32266965508461
15,3,CTO,0.2831406891345978
15,3,STO,0.32298633456230164
15,3,PK,0.48796385526657104
15,3,SK,0.2236921638250351
15,3,TCT,0.7284741401672363
15,3,TS,0.6180593371391296
15,3,NC,0.304712176322937
15,3,COL,0.004740091040730476
15,3,INV,0.13136644661426544
15,3,TKH,0.23550260066986084
15,3,CKH,0.44113001227378845
15,3,PKH,0.24222387373447418
15,3,TTS,0.24096466600894928
15,3,CTS,0.34342074394226074
15,3,PTS,0.26429513096809387
15,3,MF_F02D41,0.09376971423625946
15,3,MF_F02B33,0.07402084022760391
15,3,MF_F02D23,0.035764794796705246
15,3,MF_F02B37,0.049773357808589935
15,3,MF_F02M25,0.007010431028902531
15,3,MF_F01N3,0.0038477308116853237
15,3,MF_F02N11,0.0015053817769512534
15,3,MF_F02M37,0.03131178393959999
15,3,MF_B60K6,0.008158551529049873
15,3,MF_F01L1,0.0014274063287302852
15,3,MF_other,0.07479844987392426
15,3,var_conf_pro,0.2983638048171997
15,3,H_final,0.3279731571674347
15,3,delta_H,0.321429580450058
15,3,conf_gap_change,0.2877536118030548
15,3,cross_domain_attack,0.2455018013715744
15,3,semantic_coherence,0.36966443061828613
15,4,CTO,0.298936128616333
15,4,STO,0.33353060483932495
15,4,PK,0.45187124609947205
15,4,SK,0.2404792308807373
15,4,TCT,0.7391691207885742
15,4,TS,0.5918757915496826
15,4,NC,0.28614702820777893
15,4,COL,0.033370241522789
15,4,INV,0.19077973067760468
15,4,TKH,0.282353937625885
15,4,CKH,0.6384009718894958
15,4,PKH,0.3207152187824249
15,4,TTS,0.1990218311548233
15,4,CTS,0.4091213345527649
15,4,PTS,0.21253295242786407
15,4,MF_F02D41,0.04908261075615883
15,4,MF_F02B33,0.0548403337597847
15,4,MF_F02D23,0.029833655804395676
15,4,MF_F02B37,0.04368656501173973
15,4,MF_F02M25,0.006892956327646971
15,4,MF_F01N3,0.001628917409107089
15,4,MF_F02M37,0.0255215372890234
15,4,MF_B60K6,0.009894675575196743
15,4,MF_F02N11,0.006986607797443867
15,4,MF_F02M21,0.007190094329416752
15,4,MF_other,0.06467074900865555
15,4,var_conf_pro,0.259229838848114
15,4,H_final,0.3265652358531952
15,4,delta_H,0.3425726592540741
15,4,conf_gap_change,0.2524991035461426
15,4,cross_domain_attack,0.25431331992149353
15,4,semantic_coherence,0.36606425046920776
15,5,CTO,0.2904149293899536
15,5,STO,0.3335118293762207
15,5,PK,0.45084691047668457
15,5,SK,0.18513338267803192
15,5,TCT,0.6204178333282471
15,5,TS,0.6143138408660889
15,5,NC,0.29396378993988037
15,5,COL,0.012286452576518059
15,5,INV,0.20968438684940338
15,5,TKH,0.2757551670074463
15,5,CKH,0.4948751628398895
15,5,PKH,0.24209997057914734
15,5,TTS,0.23530417680740356
15,5,CTS,0.31897860765457153
15,5,PTS,0.26160192489624023
15,5,MF_F02D41,0.07144634425640106
15,5,MF_F02B33,0.07921376079320908
15,5,MF_F02D23,0.027566485106945038
15,5,MF_F02B37,0.0608542300760746
15,5,MF_F02M25,0.022249804809689522
15,5,MF_F01N3,0.013234961777925491
15,5,MF_F02M37,0.030790844932198524
15,5,MF_F02N11,0.01506268884986639
15,5,MF_B60K6,0.00529630808159709
15,5,MF_F01L1,0.009899462573230267
15,5,MF_other,0.09004382789134979
15,5,var_conf_pro,0.271610826253891
15,5,H_final,0.34713563323020935
15,5,delta_H,0.2981738746166229
15,5,conf_gap_change,0.2793126106262207
15,5,cross_domain_attack,0.23452211916446686
15,5,semantic_coherence,0.3552856743335724
15,6,CTO,0.24828383326530457
15,6,STO,0.3727191984653473
15,6,PK,0.3692580461502075
15,6,SK,0.22995717823505402
15,6,TCT,0.905327320098877
15,6,TS,0.6183875203132629
15,6,NC,0.31046393513679504
15,6,COL,0.0064603532664477825
15,6,INV,0.21305328607559204
15,6,TKH,0.31708529591560364
15,6,CKH,0.4961054027080536
15,6,PKH,0.2928726375102997
15,6,TTS,0.21072842180728912
15,6,CTS,0.3956361711025238
15,6,PTS,0.2107391506433487
15,6,MF_F02D41,0.09674766659736633
15,6,MF_F02B33,0.08322235196828842
15,6,MF_F02D23,0.03120771236717701
15,6,MF_F02B37,0.03259934484958649
15,6,MF_F02M25,0.0137618537992239
15,6,MF_F01N3,0.0
15,6,MF_F02M37,0.016423160210251808
15,6,MF_F02N11,0.01649659313261509
15,6,MF_B60K6,0.00935746543109417
15,6,MF_F01L1,0.005105939228087664
15,6,MF_other,0.09457550197839737
15,6,var_conf_pro,0.30757012963294983
15,6,H_final,0.42550280690193176
15,6,delta_H,0.326651394367218
15,6,conf_gap_change,0.2773180305957794
15,6,cross_domain_attack,0.2276538610458374
15,6,semantic_coherence,0.37992632389068604
15,7,CTO,0.23771469295024872
15,7,STO,0.3076949417591095
15,7,PK,0.4807659089565277
15,7,SK,0.24928641319274902
15,7,TCT,0.7385965585708618
15,7,TS,0.6315573453903198
15,7,NC,0.2756563425064087
15,7,COL,0.028010377660393715
15,7,INV,0.20797766745090485
15,7,TKH,0.18621844053268433
15,7,CKH,0.48524120450019836
15,7,PKH,0.25584283471107483
15,7,TTS,0.242059126496315
15,7,CTS,0.4125434160232544
15,7,PTS,0.21461133658885956
15,7,MF_F02D41,0.08973929286003113
15,7,MF_F02B33,0.07659130543470383
15,7,MF_F02D23,0.04689330980181694
15,7,MF_F02B37,0.04088940471410751
15,7,MF_F02M25,0.012422194704413414
15,7,MF_F01N3,0.0017404091777279973
15,7,MF_F02M37,0.022066660225391388
15,7,MF_F02N11,0.015553377568721771
15,7,MF_F01L1,0.004408493172377348
15,7,MF_B60K6,0.007007082458585501
15,7,MF_other,0.059549055993556976
15,7,var_conf_pro,0.27543339133262634
15,7,H_final,0.35134169459342957
15,7,delta_H,0.2963290512561798
15,7,conf_gap_change,0.29639723896980286
15,7,cross_domain_attack,0.2448931336402893
15,7,semantic_coherence,0.3264860510826111
15,8,CTO,0.2855606973171234
15,8,STO,0.3635097146034241
15,8,PK,0.3979874849319458
15,8,SK,0.22710955142974854
15,8,TCT,0.7887133359909058
15,8,TS,0.5420637726783752
15,8,NC,0.2975182831287384
15,8,COL,0.006441614590585232
15,8,INV,0.1761905401945114
15,8,TKH,0.22377648949623108
15,8,CKH,0.5656314492225647
15,8,PKH,0.2859165072441101
15,8,TTS,0.25471317768096924
15,8,CTS,0.3900134563446045
15,8,PTS,0.21247994899749756
15,8,MF_F02D41,0.0607423298060894
15,8,MF_F02B33,0.06272680312395096
15,8,MF_F02D23,0.02583112008869648
15,8,MF_F02B37,0.048345353454351425
15,8,MF_F02M25,0.010288839228451252
15,8,MF_F01N3,0.004813471809029579
15,8,MF_F02M37,0.02737266942858696
15,8,MF_B60K6,0.009116754867136478
15,8,MF_F01L1,0.0029019711073487997
15,8,MF_F02N11,0.014213388785719872
15,8,MF_other,0.045605771243572235
15,8,var_conf_pro,0.26595252752304077
15,8,H_final,0.3530120551586151
15,8,delta_H,0.26724332571029663
15,8,conf_gap_change,0.25166258215904236
15,8,cross_domain_attack,0.2783147096633911
15,8,semantic_coherence,0.3556808829307556
15,9,CTO,0.2656646966934204
15,9,STO,0.2677259147167206
15,9,PK,0.5126643180847168
15,9,SK,0.188566654920578
15,9,TCT,0.789505660533905
15,9,TS,0.520747721195221
15,9,NC,0.2711326777935028
15,9,COL,0.01137240044772625
15,9,INV,0.15823569893836975
15,9,TKH,0.25758248567581177
15,9,CKH,0.5786593556404114
15,9,PKH,0.2611953318119049
15,9,TTS,0.19551149010658264
15,9,CTS,0.37786710262298584
15,9,PTS,0.2587973475456238
15,9,MF_F02D41,0.09043809771537781
15,9,MF_F02B33,0.07735664397478104
15,9,MF_F02D23,0.03899550065398216
15,9,MF_F02B37,0.05466177687048912
15,9,MF_F02M25,0.018784556537866592
15,9,MF_F01N3,0.0058888280764222145
15,9,MF_F02M37,0.038310933858156204
15,9,MF_F02N11,0.025867484509944916
15,9,MF_B60K6,0.01058369129896164
15,9,MF_F01L1,0.0035084036644548178
15,9,MF_other,0.053645726293325424
15,9,var_conf_pro,0.2544891834259033
15,9,H_final,0.4325982928276062
15,9,delta_H,0.30532339215278625
15,9,conf_gap_change,0.2926943898200989
15,9,cross_domain_attack,0.22795385122299194
15,9,semantic_coherence,0.3670666217803955
15,10,CTO,0.27123376727104187
15,10,STO,0.3694548010826111
15,10,PK,0.4207281470298767
15,10,SK,0.18559424579143524
15,10,TCT,0.6607896685600281
15,10,TS,0.5223070383071899
15,10,NC,0.28007858991622925
15,10,COL,0.04229772463440895
15,10,INV,0.17606425285339355
15,10,TKH,0.2956394851207733
15,10,CKH,0.6061692237854004
15,10,PKH,0.27774593234062195
15,10,TTS,0.23107531666755676
15,10,CTS,0.4011296331882477
15,10,PTS,0.21365360915660858
15,10,MF_F02D41,0.05653630569577217
15,10,MF_F02B33,0.057265181094408035
15,10,MF_F02D23,0.037085048854351044
15,10,MF_F02B37,0.03935029357671738
15,10,MF_F02M25,0.0156333539634943
15,10,MF_F01N3,0.0014293288113549352
15,10,MF_F02M37,0.0175920557230711
15,10,MF_F01L1,0.010441150516271591
15,10,MF_F02N11,0.01829345151782036
15,10,MF_B60K6,0.00561167486011982
15,10,MF_other,0.060365863144397736
15,10,var_conf_pro,0.25935837626457214
15,10,H_final,0.29225876927375793
15,10,delta_H,0.3756495714187622
15,10,conf_gap_change,0.27072152495384216
15,10,cross_domain_attack,0.28473126888275146
15,10,semantic_coherence,0.3406682312488556
15,11,CTO,0.2769694924354553
15,11,STO,0.4020571708679199
15,11,PK,0.3941274583339691
15,11,SK,0.2059469074010849
15,11,TCT,0.7903535962104797
15,11,TS,0.5338205695152283
15,11,NC,0.31890004873275757
15,11,COL,0.006850463803857565
15,11,INV,0.1584913581609726
15,11,TKH,0.2626175880432129
15,11,CKH,0.546394407749176
15,11,PKH,0.30833369493484497
15,11,TTS,0.28851351141929626
15,11,CTS,0.4090263545513153
15,11,PTS,0.27757152915000916
15,11,MF_F02D41,0.07459136843681335
15,11,MF_F02B33,0.06495717167854309
15,11,MF_F02D23,0.021257037296891212
15,11,MF_F02B37,0.0721927359700203
15,11,MF_F02M25,0.017212890088558197
15,11,MF_F01N3,0.002281907247379422
15,11,MF_B60K6,0.008852076716721058
15,11,MF_F02M37,0.013658644631505013
15,11,MF_F02N11,0.015090527012944221
15,11,MF_F02M21,0.007553781848400831
15,11,MF_other,0.06326566636562347
15,11,var_conf_pro,0.2629210352897644
15,11,H_final,0.524272084236145
15,11,delta_H,0.3050644099712372
15,11,conf_gap_change,0.2728508710861206
15,11,cross_domain_attack,0.2294507622718811
15,11,semantic_coherence,0.33674895763397217
15,12,CTO,0.29880088567733765
15,12,STO,0.38062620162963867
15,12,PK,0.43903544545173645
15,12,SK,0.22762620449066162
15,12,TCT,0.8122666478157043
15,12,TS,0.5131627321243286
15,12,NC,0.2553249001502991
15,12,COL,0.03562825173139572
15,12,INV,0.19248037040233612
15,12,TKH,0.29964369535446167
15,12,CKH,0.5586332082748413
15,12,PKH,0.3266715705394745
15,12,TTS,0.22727151215076447
15,12,CTS,0.44431716203689575
15,12,PTS,0.24582324922084808
15,12,MF_F02D41,0.031647689640522
15,12,MF_F02B33,0.06520456820726395
15,12,MF_F02D23,0.028026586398482323
15,12,MF_F02B37,0.06587996333837509
15,12,MF_F02M25,0.012146293185651302
15,12,MF_F01N3,0.004600007552653551
15,12,MF_F02M37,0.01414831355214119
15,12,MF_F02N11,0.014141649007797241
15,12,MF_B60K6,0.008616906590759754
15,12,MF_F02P5,0.010024161078035831
15,12,MF_other,0.0828881561756134
15,12,var_conf_pro,0.27904748916625977
15,12,H_final,0.34697407484054565
15,12,delta_H,0.3275800347328186
15,12,conf_gap_change,0.29706814885139465
15,12,cross_domain_attack,0.2709845006465912
15,12,semantic_coherence,0.30195915699005127
15,13,CTO,0.2880963683128357
15,13,STO,0.33351510763168335
15,13,PK,0.3927809000015259
15,13,SK,0.22415608167648315
15,13,TCT,0.7535516023635864
15,13,TS,0.49684470891952515
15,13,NC,0.2803621292114258
15,13,COL,0.00888215471059084
15,13,INV,0.19775153696537018
15,13,TKH,0.23576632142066956
15,13,CKH,0.531821072101593
15,13,PKH,0.3031696677207947
15,13,TTS,0.3074369728565216
15,13,CTS,0.46191906929016113
15,13,PTS,0.22687377035617828
15,13,MF_F02D41,0.09472895413637161
15,13,MF_F02B33,0.0755237489938736
15,13,MF_F02D23,0.031854745000600815
15,13,MF_F02B37,0.0638139471411705
15,13,MF_F02M25,0.018037844449281693
15,13,MF_F01N3,0.0010140615049749613
15,13,MF_F02N11,0.007379808463156223
15,13,MF_F02M37,0.019465453922748566
15,13,MF_B60K6,0.00902111828327179
15,13,MF_F02M21,0.008503344841301441
15,13,MF_other,0.08213718235492706
15,13,var_conf_pro,0.25848934054374695
15,13,H_final,0.47166603803634644
15,13,delta_H,0.29305699467658997
15,13,conf_gap_change,0.2893787920475006
15,13,cross_domain_attack,0.20782111585140228
15,13,semantic_coherence,0.3072662055492401
15,14,CTO,0.22535094618797302
15,14,STO,0.38378167152404785
15,14,PK,0.4125264585018158
15,14,SK,0.18430805206298828
15,14,TCT,0.6942400932312012
15,14,TS,0.594719409942627
15,14,NC,0.2735385596752167
15,14,COL,0.027398331090807915
15,14,INV,0.18583616614341736
15,14,TKH,0.22669412195682526
15,14,CKH,0.5664283633232117
15,14,PKH,0.3096490800380707
15,14,TTS,0.24521315097808838
15,14,CTS,0.4459780752658844
15,14,PTS,0.21775223314762115
15,14,MF_F02D41,0.06328354775905609
15,14,MF_F02B33,0.07291314750909805
15,14,MF_F02D23,0.018813127651810646
15,14,MF_F02B37,0.050321925431489944
15,14,MF_F02M25,0.009435799904167652
15,14,MF_F01N3,0.0010166220599785447
15,14,MF_F02M37,0.028864804655313492
15,14,MF_F02N11,0.0083357198163867
15,14,MF_F02M21,0.020369086414575577
15,14,MF_F01L1,0.002198693575337529
15,14,MF_other,0.07561666518449783
15,14,var_conf_pro,0.25244414806365967
15,14,H_final,0.35322222113609314
15,14,delta_H,0.28654831647872925
15,14,conf_gap_change,0.2829856276512146
15,14,cross_domain_attack,0.21582265198230743
15,14,semantic_coherence,0.3663463592529297
15,15,CTO,0.28814902901649475
15,15,STO,0.3421037793159485
15,15,PK,0.46131977438926697
15,15,SK,0.16975872218608856
15,15,TCT,0.7236928343772888
15,15,TS,0.5767809152603149
15,15,NC,0.29392486810684204
15,15,COL,0.02042325772345066
15,15,INV,0.17516538500785828
15,15,TKH,0.3476472496986389
15,15,CKH,0.5408170819282532
15,15,PKH,0.3173220455646515
15,15,TTS,0.21017573773860931
15,15,CTS,0.43535473942756653
15,15,PTS,0.24999646842479706
15,15,MF_F02D41,0.040236134082078934
15,15,MF_F02B33,0.08575171232223511
15,15,MF_F02D23,0.028891928493976593
15,15,MF_F02B37,0.06557555496692657
15,15,MF_F02M25,0.013170412741601467
15,15,MF_F01N3,0.003279593540355563
15,15,MF_F02M37,0.03153292462229729
15,15,MF_B60K6,0.0040103173814713955
15,15,MF_F02N11,0.015862351283431053
15,15,MF_F01L1,0.01233222521841526
15,15,MF_other,0.05254572629928589
15,15,var_conf_pro,0.30761221051216125
15,15,H_final,0.4269503951072693
15,15,delta_H,0.3152388036251068
15,15,conf_gap_change,0.2760678827762604
15,15,cross_domain_attack,0.2561873495578766
15,15,semantic_coherence,0.36908113956451416
15,16,CTO,0.26711538434028625
15,16,STO,0.4272943437099457
15,16,PK,0.45320504903793335
15,16,SK,0.2083783745765686
15,16,TCT,0.7150124907493591
15,16,TS,0.5972430109977722
15,16,NC,0.2887665927410126
15,16,COL,0.012137464247643948
15,16,INV,0.16214844584465027
15,16,TKH,0.23552489280700684
15,16,CKH,0.5582578182220459
15,16,PKH,0.24065260589122772
15,16,TTS,0.20329880714416504
15,16,CTS,0.39027348160743713
15,16,PTS,0.26433277130126953
15,16,MF_F02D41,0.07053888589143753
15,16,MF_F02B33,0.050136398524045944
15,16,MF_F02D23,0.02538076601922512
15,16,MF_F02B37,0.0629318580031395
15,16,MF_F02M25,0.0225054994225502
15,16,MF_F01N3,0.0019211155595257878
15,16,MF_F02M37,0.020728658884763718
15,16,MF_F02N11,0.0044794767163693905
15,16,MF_B60K6,0.002578677609562874
15,16,MF_F02M21,0.005471864715218544
15,16,MF_other,0.07719883322715759
15,16,var_conf_pro,0.3270430266857147
15,16,H_final,0.45227283239364624
15,16,delta_H,0.2939063012599945
15,16,conf_gap_change,0.2514154613018036
15,16,cross_domain_attack,0.17969875037670135
15,16,semantic_coherence,0.344664603471756
15,17,CTO,0.2646336555480957
15,17,STO,0.28910985589027405
15,17,PK,0.47196531295776367
15,17,SK,0.17977020144462585
15,17,TCT,0.7497766017913818
15,17,TS,0.5492895245552063
15,17,NC,0.3206808269023895
15,17,COL,0.017575616016983986
15,17,INV,0.1836581826210022
15,17,TKH,0.26045215129852295
15,17,CKH,0.5101017951965332
15,17,PKH,0.2537168264389038
15,17,TTS,0.27096569538116455
15,17,CTS,0.41947880387306213
15,17,PTS,0.34497731924057007
15,17,MF_F02D41,0.041373346000909805
15,17,MF_F02B33,0.05456169694662094
15,17,MF_F02D23,0.041701946407556534
15,17,MF_F02B37,0.03860396519303322
15,17,MF_F02M25,0.021580945700407028
15,17,MF_F01N3,0.011598541401326656
15,17,MF_F02M37,0.016275128349661827
15,17,MF_F02N11,0.010177248157560825
15,17,MF_B60K6,0.004526794888079166
15,17,MF_F02M21,0.00949001219123602
15,17,MF_other,0.07581048458814621
15,17,var_conf_pro,0.322216659784317
15,17,H_final,0.33346492052078247
15,17,delta_H,0.3371005654335022
15,17,conf_gap_change,0.3465975224971771
15,17,cross_domain_attack,0.23621641099452972
15,17,semantic_coherence,0.3505769968032837
15,18,CTO,0.25438636541366577
15,18,STO,0.3174399733543396
15,18,PK,0.4038534462451935
15,18,SK,0.20940488576889038
15,18,TCT,0.7871498465538025
15,18,TS,0.5223428010940552
15,18,NC,0.26929038763046265
15,18,COL,0.01599956676363945
15,18,INV,0.15368041396141052
15,18,TKH,0.27522730827331543
15,18,CKH,0.5644208788871765
15,18,PKH,0.39946919679641724
15,18,TTS,0.1809556633234024
15,18,CTS,0.37667369842529297
15,18,PTS,0.24970602989196777
15,18,MF_F02D41,0.08717305213212967
15,18,MF_F02B33,0.07795760035514832
15,18,MF_F02D23,0.02757536806166172
15,18,MF_F02B37,0.03447100520133972
15,18,MF_F02M25,0.011283235624432564
15,18,MF_F01N3,0.005581531208008528
15,18,MF_F02M37,0.023706549778580666
15,18,MF_F02N11,0.018094750121235847
15,18,MF_B60K6,0.0016225038561969995
15,18,MF_F01L1,0.0037098254542797804
15,18,MF_other,0.04254639893770218
15,18,var_conf_pro,0.31289488077163696
15,18,H_final,0.40472111105918884
15,18,delta_H,0.2807486951351166
15,18,conf_gap_change,0.2891021966934204
15,18,cross_domain_attack,0.29579058289527893
15,18,semantic_coherence,0.3634401559829712
20,42,CTO,0.25664040446281433
20,42,STO,0.3313765823841095
20,42,PK,0.5024487972259521
20,42,SK,0.18276309967041016
20,42,TCT,0.6490724682807922
20,42,TS,0.519327700138092
20,42,NC,0.3471282720565796
20,42,COL,0.008504103869199753
20,42,INV,0.19254310429096222
20,42,TKH,0.2668035328388214
20,42,CKH,0.5187716484069824
20,42,PKH,0.2672886848449707
20,42,TTS,0.21832606196403503
20,42,CTS,0.30765488743782043
20,42,PTS,0.25702375173568726
20,42,MF_F02D41,0.07841543108224869
20,42,MF_F02B33,0.05225164815783501
20,42,MF_F02D23,0.031232845038175583
20,42,MF_F02B37,0.08504611253738403
20,42,MF_F02M25,0.03153339773416519
20,42,MF_F01N3,0.001885518548078835
20,42,MF_F02M37,0.015226030722260475
20,42,MF_B60K6,0.008113698102533817
20,42,MF_F02N11,0.004881720524281263
20,42,MF_F02P5,0.004332767333835363
20,42,MF_other,0.11957386136054993
20,42,var_conf_pro,0.2514234781265259
20,42,H_final,0.2841140031814575
20,42,delta_H,0.30054017901420593
20,42,conf_gap_change,0.2672535479068756
20,42,cross_domain_attack,0.24899552762508392
20,42,semantic_coherence,0.33771607279777527
20,0,CTO,0.25718095898628235
20,0,STO,0.34671884775161743
20,0,PK,0.41753262281417847
20,0,SK,0.18905964493751526
20,0,TCT,0.6562691330909729
20,0,TS,0.440005362033844
20,0,NC,0.29015272855758667
20,0,COL,0.008328031748533249
20,0,INV,0.1956888735294342
20,0,TKH,0.3223786950111389
20,0,CKH,0.4072602689266205
20,0,PKH,0.22488540410995483
20,0,TTS,0.28821098804473877
20,0,CTS,0.3472883105278015
20,0,PTS,0.18637308478355408
20,0,MF_F02D41,0.03381967917084694
20,0,MF_F02B33,0.035116542130708694
20,0,MF_F02D23,0.029421312734484673
20,0,MF_F02B37,0.057943351566791534
20,0,MF_F02M25,0.022116128355264664
20,0,MF_F01N3,0.010561085306107998
20,0,MF_F02M37,0.022772829979658127
20,0,MF_B60K6,0.00465023098513484
20,0,MF_F02N11,0.014365886338055134
20,0,MF_F02M21,0.014378017745912075
20,0,MF_other,0.10514775663614273
20,0,var_conf_pro,0.23102179169654846
20,0,H_final,0.29550981521606445
20,0,delta_H,0.2861616313457489
20,0,conf_gap_change,0.23700106143951416
20,0,cross_domain_attack,0.3108179271221161
20,0,semantic_coherence,0.3349287807941437
20,1,CTO,0.29053008556365967
20,1,STO,0.32696112990379333
20,1,PK,0.5002930760383606
20,1,SK,0.16784417629241943
20,1,TCT,0.7258264422416687
20,1,TS,0.5545190572738647
20,1,NC,0.29468318819999695
20,1,COL,0.008044440299272537
20,1,INV,0.17556221783161163
20,1,TKH,0.25155630707740784
20,1,CKH,0.5093948245048523
20,1,PKH,0.222081258893013
20,1,TTS,0.25828930735588074
20,1,CTS,0.36334672570228577
20,1,PTS,0.23434330523014069
20,1,MF_F02D41,0.025693286210298538
20,1,MF_F02B33,0.05651853233575821
20,1,MF_F02D23,0.03249526396393776
20,1,MF_F02B37,0.0726202130317688
20,1,MF_F02M25,0.005272241309285164
20,1,MF_F01N3,0.007813995704054832
20,1,MF_F02M37,0.01868007704615593
20,1,MF_B60K6,0.0056555140763521194
20,1,MF_F02N11,0.011634312570095062
20,1,MF_F01L1,0.017612377181649208
20,1,MF_other,0.04725947603583336
20,1,var_conf_pro,0.23199279606342316
20,1,H_final,0.21108593046665192
20,1,delta_H,0.3132784068584442
20,1,conf_gap_change,0.31035661697387695
20,1,cross_domain_attack,0.33543217182159424
20,1,semantic_coherence,0.34482964873313904
20,2,CTO,0.23341025412082672
20,2,STO,0.3798685669898987
20,2,PK,0.44467058777809143
20,2,SK,0.21392565965652466
20,2,TCT,0.6446415781974792
20,2,TS,0.5373853445053101
20,2,NC,0.34539446234703064
20,2,COL,0.016477644443511963
20,2,INV,0.19204528629779816
20,2,TKH,0.2741316556930542
20,2,CKH,0.4727703630924225
20,2,PKH,0.34482723474502563
20,2,TTS,0.2496398538351059
20,2,CTS,0.2916594445705414
20,2,PTS,0.19276079535484314
20,2,MF_F02D41,0.04854413866996765
20,2,MF_F02B33,0.04094631224870682
20,2,MF_F02D23,0.0389455184340477
20,2,MF_F02B37,0.06219402700662613
20,2,MF_F02M25,0.05030899867415428
20,2,MF_F01N3,0.010900629684329033
20,2,MF_F02M37,0.018271084874868393
20,2,MF_F02N11,0.005169928539544344
20,2,MF_F02P5,0.003201527753844857
20,2,MF_B60K6,0.007972873747348785
20,2,MF_other,0.0736115574836731
20,2,var_conf_pro,0.25432029366493225
20,2,H_final,0.2730298638343811
20,2,delta_H,0.25599974393844604
20,2,conf_gap_change,0.2553091049194336
20,2,cross_domain_attack,0.26800772547721863
20,2,semantic_coherence,0.36131757497787476
20,3,CTO,0.2431202381849289
20,3,STO,0.39561033248901367
20,3,PK,0.3630329668521881
20,3,SK,0.19289186596870422
20,3,TCT,0.6924009919166565
20,3,TS,0.5570191740989685
20,3,NC,0.3107013702392578
20,3,COL,0.005165235139429569
20,3,INV,0.15664710104465485
20,3,TKH,0.2663600742816925
20,3,CKH,0.4863148629665375
20,3,PKH,0.26019391417503357
20,3,TTS,0.2555719017982483
20,3,CTS,0.28875693678855896
20,3,PTS,0.21617040038108826
20,3,MF_F02D41,0.028111014515161514
20,3,MF_F02B33,0.08982309699058533
20,3,MF_F02D23,0.027819175273180008
20,3,MF_F02B37,0.06702955812215805
20,3,MF_F02M25,0.009722410701215267
20,3,MF_F01N3,0.01223603542894125
20,3,MF_F02M37,0.01612652838230133
20,3,MF_F02N11,0.021534480154514313
20,3,MF_F01L1,0.00660585705190897
20,3,MF_B60K6,0.009125704877078533
20,3,MF_other,0.06718290597200394
20,3,var_conf_pro,0.21708615124225616
20,3,H_final,0.28029268980026245
20,3,delta_H,0.29521897435188293
20,3,conf_gap_change,0.26656922698020935
20,3,cross_domain_attack,0.2802310585975647
20,3,semantic_coherence,0.31042978167533875
20,4,CTO,0.25854048132896423
20,4,STO,0.3158915638923645
20,4,PK,0.4329483211040497
20,4,SK,0.17183034121990204
20,4,TCT,0.7413198351860046
20,4,TS,0.5417701005935669
20,4,NC,0.2925644814968109
20,4,COL,0.012724500149488449
20,4,INV,0.19393086433410645
20,4,TKH,0.3552643358707428
20,4,CKH,0.497341513633728
20,4,PKH,0.2683345079421997
20,4,TTS,0.2499324381351471
20,4,CTS,0.3619360625743866
20,4,PTS,0.3378530442714691
20,4,MF_F02D41,0.041124410927295685
20,4,MF_F02B33,0.09071991592645645
20,4,MF_F02D23,0.033814121037721634
20,4,MF_F02B37,0.06724733114242554
20,4,MF_F02M25,0.012302449904382229
20,4,MF_F01N3,0.0143092917278409
20,4,MF_F02M37,0.010455631650984287
20,4,MF_F02N11,0.02635347470641136
20,4,MF_B60K6,0.009409346617758274
20,4,MF_F02M21,0.011015747673809528
20,4,MF_other,0.09954188019037247
20,4,var_conf_pro,0.272447794675827
20,4,H_final,0.2741696536540985
20,4,delta_H,0.2770441770553589
20,4,conf_gap_change,0.2777719497680664
20,4,cross_domain_attack,0.30602943897247314
20,4,semantic_coherence,0.35442405939102173
20,5,CTO,0.24422559142112732
20,5,STO,0.38530266284942627
20,5,PK,0.43066009879112244
20,5,SK,0.19203126430511475
20,5,TCT,0.7428038120269775
20,5,TS,0.5752482414245605
20,5,NC,0.2662876844406128
20,5,COL,0.010687802918255329
20,5,INV,0.19121809303760529
20,5,TKH,0.258857786655426
20,5,CKH,0.4491955041885376
20,5,PKH,0.2929249107837677
20,5,TTS,0.21673569083213806
20,5,CTS,0.33900776505470276
20,5,PTS,0.19870513677597046
20,5,MF_F02D41,0.058674491941928864
20,5,MF_F02B33,0.07148610800504684
20,5,MF_F02D23,0.046736884862184525
20,5,MF_F02B37,0.0728822574019432
20,5,MF_F02M25,0.006901120766997337
20,5,MF_F01N3,0.014174053445458412
20,5,MF_F02M37,0.014043844304978848
20,5,MF_F02N11,0.02097819559276104
20,5,MF_B60K6,0.013512090779840946
20,5,MF_F01L1,0.009874556213617325
20,5,MF_other,0.0752575695514679
20,5,var_conf_pro,0.21096265316009521
20,5,H_final,0.31064242124557495
20,5,delta_H,0.28687068819999695
20,5,conf_gap_change,0.24410207569599152
20,5,cross_domain_attack,0.29260149598121643
20,5,semantic_coherence,0.3754841387271881
20,6,CTO,0.25136902928352356
20,6,STO,0.36937418580055237
20,6,PK,0.4431520402431488
20,6,SK,0.18469436466693878
20,6,TCT,0.6846053600311279
20,6,TS,0.5897064208984375
20,6,NC,0.37001869082450867
20,6,COL,0.005558783188462257
20,6,INV,0.15648005902767181
20,6,TKH,0.3331533968448639
20,6,CKH,0.4036678373813629
20,6,PKH,0.2392914891242981
20,6,TTS,0.35256683826446533
20,6,CTS,0.3571801781654358
20,6,PTS,0.1538536697626114
20,6,MF_F02D41,0.04689977318048477
20,6,MF_F02B33,0.04575146734714508
20,6,MF_F02D23,0.04577229917049408
20,6,MF_F02B37,0.07810140401124954
20,6,MF_F02M25,0.015497218817472458
20,6,MF_F01N3,0.0043625254184007645
20,6,MF_F02M37,0.014221437275409698
20,6,MF_F02N11,0.018765028566122055
20,6,MF_B60K6,0.011081919074058533
20,6,MF_F01L1,0.02243819646537304
20,6,MF_other,0.06054702401161194
20,6,var_conf_pro,0.21197131276130676
20,6,H_final,0.2838033139705658
20,6,delta_H,0.2809487283229828
20,6,conf_gap_change,0.2764127850532532
20,6,cross_domain_attack,0.2972624599933624
20,6,semantic_coherence,0.36357995867729187
20,7,CTO,0.23635607957839966
20,7,STO,0.327246755361557
20,7,PK,0.34601911902427673
20,7,SK,0.18999460339546204
20,7,TCT,0.7274338006973267
20,7,TS,0.5892537832260132
20,7,NC,0.27331316471099854
20,7,COL,0.016181474551558495
20,7,INV,0.15557821094989777
20,7,TKH,0.20774444937705994
20,7,CKH,0.3830321133136749
20,7,PKH,0.3368127942085266
20,7,TTS,0.22056154906749725
20,7,CTS,0.27117684483528137
20,7,PTS,0.29937124252319336
20,7,MF_F02D41,0.050067126750946045
20,7,MF_F02B33,0.062228817492723465
20,7,MF_F02D23,0.029355725273489952
20,7,MF_F02B37,0.05395406112074852
20,7,MF_F02M25,0.03034890815615654
20,7,MF_F01N3,0.020683376118540764
20,7,MF_F02M37,0.016903448849916458
20,7,MF_B60K6,0.006317189894616604
20,7,MF_F02N11,0.009447385556995869
20,7,MF_F01L1,0.011127614416182041
20,7,MF_other,0.07168387621641159
20,7,var_conf_pro,0.21734578907489777
20,7,H_final,0.27831366658210754
20,7,delta_H,0.31052327156066895
20,7,conf_gap_change,0.274028480052948
20,7,cross_domain_attack,0.30385375022888184
20,7,semantic_coherence,0.37172403931617737
20,8,CTO,0.24948707222938538
20,8,STO,0.3500666618347168
20,8,PK,0.40587323904037476
20,8,SK,0.2057575136423111
20,8,TCT,0.6884609460830688
20,8,TS,0.6023409962654114
20,8,NC,0.31918638944625854
20,8,COL,0.00772953312844038
20,8,INV,0.19708943367004395
20,8,TKH,0.32063037157058716
20,8,CKH,0.4821409285068512
20,8,PKH,0.37056535482406616
20,8,TTS,0.18421131372451782
20,8,CTS,0.34817782044410706
20,8,PTS,0.3076348900794983
20,8,MF_F02D41,0.05995805561542511
20,8,MF_F02B33,0.04828590899705887
20,8,MF_F02D23,0.05169040337204933
20,8,MF_F02B37,0.052057426422834396
20,8,MF_F02M25,0.020893679931759834
20,8,MF_F01N3,0.004214989021420479
20,8,MF_F02M37,0.007062203716486692
20,8,MF_F02N11,0.019377324730157852
20,8,MF_B60K6,0.007591245695948601
20,8,MF_F02P5,0.011331876739859581
20,8,MF_other,0.098748117685318
20,8,var_conf_pro,0.19294942915439606
20,8,H_final,0.3621574342250824
20,8,delta_H,0.2667929530143738
20,8,conf_gap_change,0.28258034586906433
20,8,cross_domain_attack,0.22638365626335144
20,8,semantic_coherence,0.3739577829837799
20,9,CTO,0.2722274959087372
20,9,STO,0.26893946528434753
20,9,PK,0.44737744331359863
20,9,SK,0.19354994595050812
20,9,TCT,0.7177921533584595
20,9,TS,0.5236949324607849
20,9,NC,0.26093488931655884
20,9,COL,0.007167432922869921
20,9,INV,0.2073875367641449
20,9,TKH,0.25407344102859497
20,9,CKH,0.5156823992729187
20,9,PKH,0.2934842109680176
20,9,TTS,0.19688957929611206
20,9,CTS,0.3418519198894501
20,9,PTS,0.3238947093486786
20,9,MF_F02D41,0.06288405507802963
20,9,MF_F02B33,0.04363751783967018
20,9,MF_F02D23,0.036469120532274246
20,9,MF_F02B37,0.0700942724943161
20,9,MF_F02M25,0.017855262383818626
20,9,MF_F01N3,0.033943381160497665
20,9,MF_F02N11,0.008709722198545933
20,9,MF_F02M37,0.03032364696264267
20,9,MF_B60K6,0.009099556133151054
20,9,MF_F02M21,0.010538799688220024
20,9,MF_other,0.08903710544109344
20,9,var_conf_pro,0.24509979784488678
20,9,H_final,0.24638709425926208
20,9,delta_H,0.28719016909599304
20,9,conf_gap_change,0.3191967010498047
20,9,cross_domain_attack,0.24579094350337982
20,9,semantic_coherence,0.35516878962516785
20,10,CTO,0.2823324501514435
20,10,STO,0.30926021933555603
20,10,PK,0.5130918622016907
20,10,SK,0.19610044360160828
20,10,TCT,0.7637354731559753
20,10,TS,0.6232495903968811
20,10,NC,0.3242453634738922
20,10,COL,0.01062060333788395
20,10,INV,0.1670554131269455
20,10,TKH,0.22989903390407562
20,10,CKH,0.41784539818763733
20,10,PKH,0.3069118857383728
20,10,TTS,0.2572867274284363
20,10,CTS,0.38287216424942017
20,10,PTS,0.2689483165740967
20,10,MF_F02D41,0.08287788182497025
20,10,MF_F02B33,0.06393080204725266
20,10,MF_F02D23,0.037000808864831924
20,10,MF_F02B37,0.046004898846149445
20,10,MF_F02M25,0.024502955377101898
20,10,MF_F01N3,0.02436499297618866
20,10,MF_F02M37,0.017151428386569023
20,10,MF_B60K6,0.012461083009839058
20,10,MF_F02N11,0.018288111314177513
20,10,MF_F01L1,0.013427158817648888
20,10,MF_other,0.070992611348629
20,10,var_conf_pro,0.2246391624212265
20,10,H_final,0.33223792910575867
20,10,delta_H,0.295513778924942
20,10,conf_gap_change,0.29254475235939026
20,10,cross_domain_attack,0.2925882339477539
20,10,semantic_coherence,0.34133443236351013
20,11,CTO,0.28071123361587524
20,11,STO,0.4173949956893921
20,11,PK,0.36204689741134644
20,11,SK,0.203319251537323
20,11,TCT,0.7111719846725464
20,11,TS,0.5256510972976685
20,11,NC,0.2457364946603775
20,11,COL,0.008412975817918777
20,11,INV,0.17625756561756134
20,11,TKH,0.26296108961105347
20,11,CKH,0.5759398341178894
20,11,PKH,0.23890803754329681
20,11,TTS,0.23882563412189484
20,11,CTS,0.3365318477153778
20,11,PTS,0.26017388701438904
20,11,MF_F02D41,0.07136455923318863
20,11,MF_F02B33,0.06723954528570175
20,11,MF_F02D23,0.05022747814655304
20,11,MF_F02B37,0.07814136892557144
20,11,MF_F02M25,0.021383948624134064
20,11,MF_F01N3,0.009165623225271702
20,11,MF_F02M37,0.02237495593726635
20,11,MF_B60K6,0.005759685765951872
20,11,MF_F02N11,0.01750381477177143
20,11,MF_F01L1,0.014004731550812721
20,11,MF_other,0.07286016643047333
20,11,var_conf_pro,0.2554895877838135
20,11,H_final,0.2639634609222412
20,11,delta_H,0.297358900308609
20,11,conf_gap_change,0.3329063653945923
20,11,cross_domain_attack,0.2746381163597107
20,11,semantic_coherence,0.34465932846069336
20,12,CTO,0.2399011105298996
20,12,STO,0.26885926723480225
20,12,PK,0.40443122386932373
20,12,SK,0.20952515304088593
20,12,TCT,0.6888791918754578
20,12,TS,0.47603708505630493
20,12,NC,0.3256520926952362
20,12,COL,0.00604022154584527
20,12,INV,0.1766384392976761
20,12,TKH,0.2815224230289459
20,12,CKH,0.4941062331199646
20,12,PKH,0.21630002558231354
20,12,TTS,0.20824889838695526
20,12,CTS,0.34922686219215393
20,12,PTS,0.23060594499111176
20,12,MF_F02D41,0.05071662738919258
20,12,MF_F02B33,0.058948636054992676
20,12,MF_F02D23,0.030851831659674644
20,12,MF_F02B37,0.08492191880941391
20,12,MF_F02M25,0.026085088029503822
20,12,MF_F01N3,0.020455431193113327
20,12,MF_F02N11,0.01626814529299736
20,12,MF_F02M37,0.02481413260102272
20,12,MF_B60K6,0.017108948901295662
20,12,MF_F01L1,0.018382253125309944
20,12,MF_other,0.06541574746370316
20,12,var_conf_pro,0.2032867819070816
20,12,H_final,0.2704415023326874
20,12,delta_H,0.2591511309146881
20,12,conf_gap_change,0.26730504631996155
20,12,cross_domain_attack,0.3319775462150574
20,12,semantic_coherence,0.3800089657306671
20,13,CTO,0.28779250383377075
20,13,STO,0.30607303977012634
20,13,PK,0.4739536643028259
20,13,SK,0.21968503296375275
20,13,TCT,0.6398149728775024
20,13,TS,0.5699759125709534
20,13,NC,0.27921074628829956
20,13,COL,0.012158400379121304
20,13,INV,0.21757780015468597
20,13,TKH,0.27023738622665405
20,13,CKH,0.4743579924106598
20,13,PKH,0.24012596905231476
20,13,TTS,0.161986842751503
20,13,CTS,0.30430012941360474
20,13,PTS,0.22229866683483124
20,13,MF_F02D41,0.07374943792819977
20,13,MF_F02B33,0.03603879734873772
20,13,MF_F02D23,0.03191545605659485
20,13,MF_F02B37,0.07927747815847397
20,13,MF_F02M25,0.04780858755111694
20,13,MF_F01N3,0.013541058637201786
20,13,MF_F02M37,0.0044653634540736675
20,13,MF_F02M21,0.006948266644030809
20,13,MF_F02N11,0.02780204452574253
20,13,MF_B60K6,0.0071362098678946495
20,13,MF_other,0.07932426035404205
20,13,var_conf_pro,0.22837603092193604
20,13,H_final,0.36203688383102417
20,13,delta_H,0.29670438170433044
20,13,conf_gap_change,0.3181961476802826
20,13,cross_domain_attack,0.20282617211341858
20,13,semantic_coherence,0.3825474977493286
20,14,CTO,0.23813112080097198
20,14,STO,0.40184497833251953
20,14,PK,0.4134950339794159
20,14,SK,0.1989070475101471
20,14,TCT,0.6898423433303833
20,14,TS,0.5644652843475342
20,14,NC,0.29136621952056885
20,14,COL,0.009531430900096893
20,14,INV,0.15499821305274963
20,14,TKH,0.2657909393310547
20,14,CKH,0.5058667659759521
20,14,PKH,0.21710729598999023
20,14,TTS,0.3045734167098999
20,14,CTS,0.3703739047050476
20,14,PTS,0.20382778346538544
20,14,MF_F02D41,0.03986091911792755
20,14,MF_F02B33,0.07496831566095352
20,14,MF_F02D23,0.03324086219072342
20,14,MF_F02B37,0.07304604351520538
20,14,MF_F02M25,0.03287775069475174
20,14,MF_F01N3,0.0
20,14,MF_F02N11,0.019677618518471718
20,14,MF_B60K6,0.004707233514636755
20,14,MF_F02M37,0.02166973240673542
20,14,MF_F01L1,0.0
20,14,MF_other,0.08044523745775223
20,14,var_conf_pro,0.21620652079582214
20,14,H_final,0.29348045587539673
20,14,delta_H,0.29821303486824036
20,14,conf_gap_change,0.2932951748371124
20,14,cross_domain_attack,0.3035605847835541
20,14,semantic_coherence,0.36463913321495056
20,15,CTO,0.2882746458053589
20,15,STO,0.3917633593082428
20,15,PK,0.41774293780326843
20,15,SK,0.18208414316177368
20,15,TCT,0.609108030796051
20,15,TS,0.5528448224067688
20,15,NC,0.2782420516014099
20,15,COL,0.006682368461042643
20,15,INV,0.19649727642536163
20,15,TKH,0.2180456668138504
20,15,CKH,0.4171692728996277
20,15,PKH,0.27615028619766235
20,15,TTS,0.19628246128559113
20,15,CTS,0.35959169268608093
20,15,PTS,0.2863307297229767
20,15,MF_F02D41,0.05685875564813614
20,15,MF_F02B33,0.05141589790582657
20,15,MF_F02D23,0.02474568597972393
20,15,MF_F02B37,0.07950459420681
20,15,MF_F02M25,0.027707291767001152
20,15,MF_F01N3,0.0019904884975403547
20,15,MF_F02M37,0.014924691058695316
20,15,MF_F02N11,0.018625542521476746
20,15,MF_B60K6,0.019871123135089874
20,15,MF_F01L1,0.017527490854263306
20,15,MF_other,0.06714898347854614
20,15,var_conf_pro,0.21916751563549042
20,15,H_final,0.3520990014076233
20,15,delta_H,0.2469586730003357
20,15,conf_gap_change,0.26280108094215393
20,15,cross_domain_attack,0.2363578826189041
20,15,semantic_coherence,0.3204222023487091
20,16,CTO,0.23146791756153107
20,16,STO,0.39037272334098816
20,16,PK,0.45731958746910095
20,16,SK,0.18277138471603394
20,16,TCT,0.6645798683166504
20,16,TS,0.5538305640220642
20,16,NC,0.3139842450618744
20,16,COL,0.010092707350850105
20,16,INV,0.11126668006181717
20,16,TKH,0.26738235354423523
20,16,CKH,0.41414788365364075
20,16,PKH,0.2170078456401825
20,16,TTS,0.22354590892791748
20,16,CTS,0.35077211260795593
20,16,PTS,0.2235995978116989
20,16,MF_F02D41,0.0665704682469368
20,16,MF_F02B33,0.042665746062994
20,16,MF_F02D23,0.030308140441775322
20,16,MF_F02B37,0.07256290316581726
20,16,MF_F02M25,0.027212681248784065
20,16,MF_F01N3,0.014619705267250538
20,16,MF_F02N11,0.009552022442221642
20,16,MF_F02M37,0.025631330907344818
20,16,MF_B60K6,0.014794491231441498
20,16,MF_F02M21,0.006469013635069132
20,16,MF_other,0.09262719005346298
20,16,var_conf_pro,0.21151302754878998
20,16,H_final,0.28916501998901367
20,16,delta_H,0.2725687026977539
20,16,conf_gap_change,0.27224522829055786
20,16,cross_domain_attack,0.24098734557628632
20,16,semantic_coherence,0.2903789281845093
20,17,CTO,0.2522611916065216
20,17,STO,0.3634445071220398
20,17,PK,0.4122302830219269
20,17,SK,0.21460363268852234
20,17,TCT,0.7224612832069397
20,17,TS,0.4560825824737549
20,17,NC,0.278900146484375
20,17,COL,0.008683203719556332
20,17,INV,0.16623887419700623
20,17,TKH,0.23617742955684662
20,17,CKH,0.5490900874137878
20,17,PKH,0.2805823087692261
20,17,TTS,0.29503554105758667
20,17,CTS,0.3039512038230896
20,17,PTS,0.256737619638443
20,17,MF_F02D41,0.06873220205307007
20,17,MF_F02B33,0.062327463179826736
20,17,MF_F02D23,0.03966023027896881
20,17,MF_F02B37,0.07923893630504608
20,17,MF_F02M25,0.01514224149286747
20,17,MF_F01N3,0.029812723398208618
20,17,MF_F02M37,0.025389565154910088
20,17,MF_B60K6,0.006167844403535128
20,17,MF_F02N11,0.009847547858953476
20,17,MF_F01L1,0.02157822996377945
20,17,MF_other,0.05129193887114525
20,17,var_conf_pro,0.23992177844047546
20,17,H_final,0.32890185713768005
20,17,delta_H,0.29658859968185425
20,17,conf_gap_change,0.27812469005584717
20,17,cross_domain_attack,0.23377011716365814
20,17,semantic_coherence,0.3279613256454468
20,18,CTO,0.2728159427642822
20,18,STO,0.4228067398071289
20,18,PK,0.42168861627578735
20,18,SK,0.18387585878372192
20,18,TCT,0.7037516832351685
20,18,TS,0.5364949107170105
20,18,NC,0.31830430030822754
20,18,COL,0.009339902549982071
20,18,INV,0.2104165107011795
20,18,TKH,0.2225293517112732
20,18,CKH,0.46697482466697693
20,18,PKH,0.3102399408817291
20,18,TTS,0.20110443234443665
20,18,CTS,0.3160329759120941
20,18,PTS,0.25646424293518066
20,18,MF_F02D41,0.033363714814186096
20,18,MF_F02B33,0.05945693328976631
20,18,MF_F02D23,0.03181242570281029
20,18,MF_F02B37,0.0683441087603569
20,18,MF_F02M25,0.020413488149642944
20,18,MF_F01N3,0.004018228035420179
20,18,MF_F02M37,0.013641400262713432
20,18,MF_F02N11,0.0015811242628842592
20,18,MF_B60K6,0.010248607955873013
20,18,MF_F02M21,0.010502766817808151
20,18,MF_other,0.08123775571584702
20,18,var_conf_pro,0.2160886824131012
20,18,H_final,0.23450511693954468
20,18,delta_H,0.2718234956264496
20,18,conf_gap_change,0.32985129952430725
20,18,cross_domain_attack,0.32084399461746216
20,18,semantic_coherence,0.32880303263664246
