dataset,feature_set,model,k_pct,auc_mean,auc_std,ap_mean,P_mean,P_std,R_mean,R_std,DOR_mean,DOR_std
v0_baseline,BIBLIO,GBT,1,0.749597895810286,0.01674831980752555,0.3286052837938237,0.63,0.10917018207812407,0.05338983050847458,0.009251710345603735,13.79173988588382,6.774971054854941
v0_baseline,BIBLIO,GBT,5,0.749597895810286,0.01674831980752555,0.3286052837938237,0.4323943661971831,0.034530105301697166,0.17344632768361581,0.01385105918881638,6.32131962564582,0.9411199188776453
v0_baseline,BIBLIO,GBT,10,0.749597895810286,0.01674831980752555,0.3286052837938237,0.3640845070422535,0.02555515431673095,0.292090395480226,0.02050187521455254,5.303954129433035,0.7274447056038919
v0_baseline,BIBLIO,GBT,15,0.749597895810286,0.01674831980752555,0.3286052837938237,0.32300469483568073,0.023380093141762873,0.3887005649717514,0.028135366323138383,4.886398451518344,0.756903357105028
v0_baseline,BIBLIO,GBT,20,0.749597895810286,0.01674831980752555,0.3286052837938237,0.2971830985915493,0.017822972797714824,0.4768361581920904,0.028597312285598947,4.796442038210092,0.7100078024746522
v0_baseline,BIBLIO,GBT,25,0.749597895810286,0.01674831980752555,0.3286052837938237,0.2757746478873239,0.013857322677463497,0.5531073446327683,0.027792935313556713,4.7716966461523125,0.6886712992058917
v0_baseline,BIBLIO,GBT,30,0.749597895810286,0.01674831980752555,0.3286052837938237,0.2573943661971831,0.01085851868789962,0.6194915254237288,0.026134061926809237,4.786497596357853,0.6404596951000927
v0_baseline,BIBLIO,LogReg,1,0.7312243634393623,0.01925447035104476,0.27699156079749143,0.4633333333333334,0.07639540110465759,0.03926553672316384,0.006474186534293018,6.559961137562792,1.9954995938443292
v0_baseline,BIBLIO,LogReg,5,0.7312243634393623,0.01925447035104476,0.27699156079749143,0.35985915492957743,0.04824680837334015,0.14435028248587572,0.019353239516989546,4.549232768520534,1.0012097464548928
v0_baseline,BIBLIO,LogReg,10,0.7312243634393623,0.01925447035104476,0.27699156079749143,0.3232394366197183,0.03456788028870872,0.2593220338983051,0.02773242373444428,4.242389315424316,0.8018875562295432
v0_baseline,BIBLIO,LogReg,15,0.7312243634393623,0.01925447035104476,0.27699156079749143,0.2955399061032864,0.019295777653928637,0.35564971751412433,0.023220342600490402,4.043963840217628,0.5150570711421234
v0_baseline,BIBLIO,LogReg,20,0.7312243634393623,0.01925447035104476,0.27699156079749143,0.2776408450704225,0.019927508032339513,0.44548022598870063,0.03197408068465775,4.101192535427659,0.6486000634303575
v0_baseline,BIBLIO,LogReg,25,0.7312243634393623,0.01925447035104476,0.27699156079749143,0.257887323943662,0.017471841518144092,0.5172316384180791,0.035042394005317216,4.0255242652260605,0.6867591720730821
v0_baseline,BIBLIO,LogReg,30,0.7312243634393623,0.01925447035104476,0.27699156079749143,0.24342723004694836,0.012400336260889865,0.5858757062146893,0.029844877102480714,4.066828643732871,0.5991222408012721
v0_baseline,BIBLIO,RF,1,0.7533832293075113,0.01878713089937763,0.3323667906513452,0.6333333333333333,0.10259783520851541,0.053672316384180796,0.008694731797331814,14.100340117690976,8.032461030975934
v0_baseline,BIBLIO,RF,5,0.7533832293075113,0.01878713089937763,0.3323667906513452,0.4302816901408451,0.05396696982461464,0.17259887005649718,0.021647767556766326,6.355167534226416,1.4942868925350126
v0_baseline,BIBLIO,RF,10,0.7533832293075113,0.01878713089937763,0.3323667906513452,0.36795774647887325,0.02480622655823384,0.2951977401129944,0.01990104051564524,5.4161110195155855,0.71791991541836
v0_baseline,BIBLIO,RF,15,0.7533832293075113,0.01878713089937763,0.3323667906513452,0.3262910798122066,0.020689823183028706,0.3926553672316384,0.024897922813475217,4.984381149309864,0.6964444304611901
v0_baseline,BIBLIO,RF,20,0.7533832293075113,0.01878713089937763,0.3323667906513452,0.30017605633802813,0.016901215405371456,0.481638418079096,0.027118334322742917,4.91114838023568,0.7237789366956638
v0_baseline,BIBLIO,RF,25,0.7533832293075113,0.01878713089937763,0.3323667906513452,0.2785915492957746,0.014184964207787486,0.5587570621468927,0.028450069456296915,4.9073644303521124,0.7065029490358405
v0_baseline,BIBLIO,RF,30,0.7533832293075113,0.01878713089937763,0.3323667906513452,0.2596244131455399,0.013418051504063416,0.6248587570621469,0.03229429345045772,4.9438714855707655,0.8355862772995616
v0_baseline,BIBLIO+DEBATE25,GBT,1,0.7479203940689347,0.01582785013784651,0.3155472834710539,0.5599999999999999,0.10462967275611935,0.04745762711864407,0.008866921420010119,10.048794682616299,4.308199597965538
v0_baseline,BIBLIO+DEBATE25,GBT,5,0.7479203940689347,0.01582785013784651,0.3155472834710539,0.4147887323943662,0.040737569737458616,0.16638418079096046,0.016341059047229163,5.857274452538454,1.0835077385033238
v0_baseline,BIBLIO+DEBATE25,GBT,10,0.7479203940689347,0.01582785013784651,0.3155472834710539,0.3630281690140845,0.03267156675274189,0.29124293785310734,0.026211087451352248,5.30405091903809,0.9918919177475569
v0_baseline,BIBLIO+DEBATE25,GBT,15,0.7479203940689347,0.01582785013784651,0.3155472834710539,0.3284037558685446,0.017988989941538216,0.39519774011299436,0.021647767556766312,5.044648052779453,0.6086436632009882
v0_baseline,BIBLIO+DEBATE25,GBT,20,0.7479203940689347,0.01582785013784651,0.3155472834710539,0.30017605633802813,0.013607326155899276,0.481638418079096,0.021833223888561553,4.893286437759565,0.5479556553420277
v0_baseline,BIBLIO+DEBATE25,GBT,25,0.7479203940689347,0.01582785013784651,0.3155472834710539,0.2756338028169014,0.010862817975772166,0.5528248587570621,0.021787007804514764,4.74564331996689,0.5135619411036485
v0_baseline,BIBLIO+DEBATE25,GBT,30,0.7479203940689347,0.01582785013784651,0.3155472834710539,0.2564553990610329,0.010411281787828838,0.617231638418079,0.02505766125206263,4.727949444530832,0.5866042907972525
v0_baseline,BIBLIO+DEBATE25,LogReg,1,0.7324767706014377,0.01633591330675053,0.2804511426586835,0.5,0.11342617456312011,0.04237288135593221,0.009612387674840689,8.213423175523246,5.0417574815054556
v0_baseline,BIBLIO+DEBATE25,LogReg,5,0.7324767706014377,0.01633591330675053,0.2804511426586835,0.3528169014084507,0.04557606465488757,0.14152542372881355,0.018281924240096146,4.391659436031668,0.966857641424959
v0_baseline,BIBLIO+DEBATE25,LogReg,10,0.7324767706014377,0.01633591330675053,0.2804511426586835,0.3154929577464789,0.02245631109920923,0.25310734463276835,0.01801579760501531,4.0237378513258255,0.5147748874373821
v0_baseline,BIBLIO+DEBATE25,LogReg,15,0.7324767706014377,0.01633591330675053,0.2804511426586835,0.3061032863849765,0.022417533119837234,0.36836158192090396,0.026977031381499015,4.3570108454780785,0.6631267147607927
v0_baseline,BIBLIO+DEBATE25,LogReg,20,0.7324767706014377,0.01633591330675053,0.2804511426586835,0.2867957746478873,0.018613655512011967,0.4601694915254237,0.0298659783356576,4.410730374301005,0.6451837957696067
v0_baseline,BIBLIO+DEBATE25,LogReg,25,0.7324767706014377,0.01633591330675053,0.2804511426586835,0.2628169014084507,0.014190851306695335,0.5271186440677966,0.02846187691455846,4.202693658575738,0.5784161793108548
v0_baseline,BIBLIO+DEBATE25,LogReg,30,0.7324767706014377,0.01633591330675053,0.2804511426586835,0.24401408450704226,0.01207747109221582,0.5872881355932204,0.029067811781265235,4.091608214873494,0.5744442877218441
v0_baseline,BIBLIO+DEBATE25,RF,1,0.7515667609045011,0.01759218316244581,0.32570369851275915,0.6166666666666666,0.11212983285105119,0.05225988700564972,0.009502528207716203,13.830275605900695,9.81529245338094
v0_baseline,BIBLIO+DEBATE25,RF,5,0.7515667609045011,0.01759218316244581,0.32570369851275915,0.4176056338028169,0.05545546667157909,0.16751412429378532,0.02224484821289331,6.009368995132261,1.522641994029748
v0_baseline,BIBLIO+DEBATE25,RF,10,0.7515667609045011,0.01759218316244581,0.32570369851275915,0.3658450704225352,0.028762738522685228,0.2935028248587571,0.023075191357182518,5.370037141491247,0.8767876292251744
v0_baseline,BIBLIO+DEBATE25,RF,15,0.7515667609045011,0.01759218316244581,0.32570369851275915,0.326056338028169,0.02074441938093471,0.39237288135593223,0.024963623322819747,4.979073307684257,0.7466960520836217
v0_baseline,BIBLIO+DEBATE25,RF,20,0.7515667609045011,0.01759218316244581,0.32570369851275915,0.297887323943662,0.01551316156868573,0.4779661016949152,0.024891174494388407,4.812257581899923,0.6218059538485257
v0_baseline,BIBLIO+DEBATE25,RF,25,0.7515667609045011,0.01759218316244581,0.32570369851275915,0.2752112676056338,0.012501057076384407,0.5519774011299435,0.025072741593878328,4.73513657721019,0.5901840697417678
v0_baseline,BIBLIO+DEBATE25,RF,30,0.7515667609045011,0.01759218316244581,0.32570369851275915,0.2591549295774648,0.012123608500022464,0.6237288135593221,0.02917885435598627,4.901437703549826,0.7389701732660928
v0_baseline,BIBLIO+DEBATE5,GBT,1,0.7491122522842433,0.015215725262020245,0.3236222325269273,0.5766666666666667,0.1338149197531352,0.04887005649717514,0.011340247436706372,11.763671270706379,7.3717875767700125
v0_baseline,BIBLIO+DEBATE5,GBT,5,0.7491122522842433,0.015215725262020245,0.3236222325269273,0.4246478873239437,0.0374806144361838,0.17033898305084744,0.015034596751237573,6.117172176625987,1.0689127834947212
v0_baseline,BIBLIO+DEBATE5,GBT,10,0.7491122522842433,0.015215725262020245,0.3236222325269273,0.3704225352112676,0.02061398973355597,0.29717514124293787,0.016537777074378236,5.478216190041309,0.6246830249704262
v0_baseline,BIBLIO+DEBATE5,GBT,15,0.7491122522842433,0.015215725262020245,0.3236222325269273,0.3328638497652582,0.014280816259611527,0.4005649717514125,0.017185389058176563,5.184580025602708,0.48650398621210866
v0_baseline,BIBLIO+DEBATE5,GBT,20,0.7491122522842433,0.015215725262020245,0.3236222325269273,0.3005281690140845,0.0177450006444243,0.4822033898305085,0.028472204423822055,4.927675874991994,0.7218370234180709
v0_baseline,BIBLIO+DEBATE5,GBT,25,0.7491122522842433,0.015215725262020245,0.3236222325269273,0.27549295774647886,0.01183169188475787,0.5525423728813559,0.02373022948637876,4.744557423694138,0.5645991397369262
v0_baseline,BIBLIO+DEBATE5,GBT,30,0.7491122522842433,0.015215725262020245,0.3236222325269273,0.2575117370892019,0.010249149390561712,0.619774011299435,0.024667444295928195,4.788431420027696,0.6097549493909573
v0_baseline,BIBLIO+DEBATE5,LogReg,1,0.7357618924049769,0.017443149784050618,0.2879006962594132,0.4833333333333333,0.09642741111341259,0.04096045197740113,0.00817181450113666,7.244575858193646,2.576379906708852
v0_baseline,BIBLIO+DEBATE5,LogReg,5,0.7357618924049769,0.017443149784050618,0.2879006962594132,0.38098591549295774,0.04715238591933347,0.15282485875706214,0.018914233899845635,5.026147663785494,1.0725787146980763
v0_baseline,BIBLIO+DEBATE5,LogReg,10,0.7357618924049769,0.017443149784050618,0.2879006962594132,0.32640845070422536,0.031015805382861524,0.26186440677966105,0.024882736521843713,4.306652931745093,0.7110582708976987
v0_baseline,BIBLIO+DEBATE5,LogReg,15,0.7357618924049769,0.017443149784050618,0.2879006962594132,0.30258215962441315,0.02096691583140589,0.36412429378531075,0.025231373288640998,4.248650662061679,0.5992671585660502
v0_baseline,BIBLIO+DEBATE5,LogReg,20,0.7357618924049769,0.017443149784050618,0.2879006962594132,0.2857394366197183,0.020090570304236232,0.45847457627118643,0.03223571732431124,4.381952594047006,0.7151766003457231
v0_baseline,BIBLIO+DEBATE5,LogReg,25,0.7357618924049769,0.017443149784050618,0.2879006962594132,0.26267605633802815,0.01689831946073954,0.5268361581920904,0.033892109652895644,4.212715488646374,0.6774088400228095
v0_baseline,BIBLIO+DEBATE5,LogReg,30,0.7357618924049769,0.017443149784050618,0.2879006962594132,0.24518779342723004,0.010917120220070605,0.5901129943502825,0.026275102902542844,4.140442012502641,0.5299357309269643
v0_baseline,BIBLIO+DEBATE5,RF,1,0.7540588280819642,0.01786945608270062,0.33318602361819505,0.6466666666666667,0.08944271909999159,0.054802259887005655,0.0075798914491518295,14.297431340606142,6.201769259824789
v0_baseline,BIBLIO+DEBATE5,RF,5,0.7540588280819642,0.01786945608270062,0.33318602361819505,0.4211267605633803,0.05705620819707966,0.1689265536723164,0.022886953570579977,6.112706514786803,1.5419671639256851
v0_baseline,BIBLIO+DEBATE5,RF,10,0.7540588280819642,0.01786945608270062,0.33318602361819505,0.3669014084507042,0.02692780637516331,0.29435028248587575,0.021603098899848527,5.396101743432034,0.8604594667801135
v0_baseline,BIBLIO+DEBATE5,RF,15,0.7540588280819642,0.01786945608270062,0.33318602361819505,0.33098591549295775,0.02282268659988541,0.3983050847457627,0.027464588959184143,5.155181219311986,0.8360411541604584
v0_baseline,BIBLIO+DEBATE5,RF,20,0.7540588280819642,0.01786945608270062,0.33318602361819505,0.3028169014084507,0.014807253043319629,0.4858757062146893,0.023758530306795343,5.005304352021331,0.6245023670191381
v0_baseline,BIBLIO+DEBATE5,RF,25,0.7540588280819642,0.01786945608270062,0.33318602361819505,0.2807042253521127,0.015245684919159858,0.5629943502824859,0.030577503651422307,5.019269148653256,0.7790170453360815
v0_baseline,BIBLIO+DEBATE5,RF,30,0.7540588280819642,0.01786945608270062,0.33318602361819505,0.26103286384976526,0.012505139539059188,0.6282485875706214,0.030097115500786503,5.019098332760079,0.7941151553652416
v0_baseline,DEBATE25,GBT,1,0.5379926430753402,0.014727667407740373,0.14669840466280193,0.17666666666666667,0.08725843849003544,0.014971751412429379,0.007394782922884359,1.8171267961055324,0.9153419905290544
v0_baseline,DEBATE25,GBT,5,0.5379926430753402,0.014727667407740373,0.14669840466280193,0.17816901408450705,0.042689864603041985,0.07146892655367232,0.01712418297636148,1.6354419182234445,0.4873451612856519
v0_baseline,DEBATE25,GBT,10,0.5379926430753402,0.014727667407740373,0.14669840466280193,0.1609154929577465,0.025877413445493543,0.12909604519774012,0.02076041078678014,1.431687121775949,0.30317963715052326
v0_baseline,DEBATE25,GBT,15,0.5379926430753402,0.014727667407740373,0.14669840466280193,0.15328638497652583,0.018485155557193034,0.1844632768361582,0.022244848212893308,1.353130923707969,0.22448849279926103
v0_baseline,DEBATE25,GBT,20,0.5379926430753402,0.014727667407740373,0.14669840466280193,0.14700704225352113,0.016510608851213207,0.23587570621468928,0.02649159838273758,1.2921330287229822,0.21899262050867527
v0_baseline,DEBATE25,GBT,25,0.5379926430753402,0.014727667407740373,0.14669840466280193,0.142112676056338,0.014974825483476567,0.28502824858757064,0.030034254500758074,1.2433858973556122,0.2108967026187786
v0_baseline,DEBATE25,GBT,30,0.5379926430753402,0.014727667407740373,0.14669840466280193,0.14049295774647888,0.010778094037908453,0.338135593220339,0.025940497514966097,1.232732282731479,0.16837924925990494
v0_baseline,DEBATE25,LogReg,1,0.5527618059064815,0.019866142633711042,0.1538922935779698,0.17666666666666667,0.084535192851317,0.014971751412429379,0.007163999394179407,1.8139476305986713,0.9169660939851222
v0_baseline,DEBATE25,LogReg,5,0.5527618059064815,0.019866142633711042,0.1538922935779698,0.17253521126760563,0.03161798886142268,0.0692090395480226,0.012682922085655426,1.557147778000479,0.35275282646427275
v0_baseline,DEBATE25,LogReg,10,0.5527618059064815,0.019866142633711042,0.1538922935779698,0.1778169014084507,0.0316489312816752,0.1426553672316384,0.02539066803388632,1.646925253479452,0.38831346821691687
v0_baseline,DEBATE25,LogReg,15,0.5527618059064815,0.019866142633711042,0.1538922935779698,0.17206572769953052,0.023413561468141234,0.20706214689265537,0.028175641766746248,1.607219218300978,0.3172398959905506
v0_baseline,DEBATE25,LogReg,20,0.5527618059064815,0.019866142633711042,0.1538922935779698,0.16355633802816902,0.019268233931727215,0.26242937853107345,0.03091626235373181,1.527402516954172,0.27377833180174077
v0_baseline,DEBATE25,LogReg,25,0.5527618059064815,0.019866142633711042,0.1538922935779698,0.15957746478873241,0.014772662383256566,0.32005649717514123,0.029628786135910065,1.5055308878169553,0.23187791018463935
v0_baseline,DEBATE25,LogReg,30,0.5527618059064815,0.019866142633711042,0.1538922935779698,0.15305164319248826,0.0102915072624366,0.36836158192090396,0.024769390360440645,1.434276150673688,0.17200227032683968
v0_baseline,DEBATE25,RF,1,0.5625187223716976,0.018712271669649727,0.15852789895874655,0.22999999999999998,0.09787209698591859,0.019491525423728815,0.008294245507281237,2.469155959687511,1.2792006317221127
v0_baseline,DEBATE25,RF,5,0.5625187223716976,0.018712271669649727,0.15852789895874655,0.2035211267605634,0.04199948343066081,0.08163841807909604,0.0168472504156888,1.9385528907413392,0.5235939641334042
v0_baseline,DEBATE25,RF,10,0.5625187223716976,0.018712271669649727,0.15852789895874655,0.17746478873239435,0.02126222937559566,0.1423728813559322,0.017057833736353577,1.6291512169644844,0.2647074339422195
v0_baseline,DEBATE25,RF,15,0.5625187223716976,0.018712271669649727,0.15852789895874655,0.16291079812206571,0.018969876033613615,0.196045197740113,0.02282815590485706,1.4774174232921302,0.24722688175144747
v0_baseline,DEBATE25,RF,20,0.5625187223716976,0.018712271669649727,0.15852789895874655,0.15862676056338026,0.015766628998055,0.25451977401129944,0.025297867996879216,1.450811872045724,0.2252569129921527
v0_baseline,DEBATE25,RF,25,0.5625187223716976,0.018712271669649727,0.15852789895874655,0.15422535211267605,0.012823457295779241,0.3093220338983051,0.02571936350283406,1.418402159767569,0.20204331867235092
v0_baseline,DEBATE25,RF,30,0.5625187223716976,0.018712271669649727,0.15852789895874655,0.1523474178403756,0.0111126191101831,0.36666666666666664,0.026745625655016956,1.4239144055123387,0.1918121480860138
v0_baseline,DEBATE5,GBT,1,0.5395384622388543,0.018026639975065473,0.14857499404908683,0.18333333333333332,0.08885233166386386,0.015536723163841809,0.007529858615581683,1.9039468671937612,1.0648347896240242
v0_baseline,DEBATE5,GBT,5,0.5395384622388543,0.018026639975065473,0.14857499404908683,0.17887323943661973,0.05111030863346192,0.07175141242937853,0.020501875214552524,1.6566222850825407,0.5754929140138607
v0_baseline,DEBATE5,GBT,10,0.5395384622388543,0.018026639975065473,0.14857499404908683,0.1602112676056338,0.030386667899362774,0.1285310734463277,0.024378004755420988,1.430384983764967,0.383008013523706
v0_baseline,DEBATE5,GBT,15,0.5395384622388543,0.018026639975065473,0.14857499404908683,0.1495305164319249,0.022504045247270763,0.17994350282485877,0.02708113919586819,1.312693891785091,0.29835582086309353
v0_baseline,DEBATE5,GBT,20,0.5395384622388543,0.018026639975065473,0.14857499404908683,0.1471830985915493,0.017423071244869442,0.2361581920903955,0.027955662336400674,1.2958800952085208,0.23580326251470382
v0_baseline,DEBATE5,GBT,25,0.5395384622388543,0.018026639975065473,0.14857499404908683,0.14845070422535211,0.015752923725953275,0.2977401129943503,0.03159484702097975,1.3362528616080769,0.24081697310078223
v0_baseline,DEBATE5,GBT,30,0.5395384622388543,0.018026639975065473,0.14857499404908683,0.14647887323943662,0.014438352304020016,0.3525423728813559,0.03474993266391258,1.3330482394052487,0.23667710744418693
v0_baseline,DEBATE5,LogReg,1,0.5582228201241025,0.021926044867226702,0.16409248725148198,0.24,0.109009361688217,0.02033898305084746,0.009238081499001443,2.6221438924041225,1.3584523596368874
v0_baseline,DEBATE5,LogReg,5,0.5582228201241025,0.021926044867226702,0.16409248725148198,0.2176056338028169,0.03697580196825721,0.08728813559322034,0.014832101354498655,2.1100379818669976,0.4714550559483242
v0_baseline,DEBATE5,LogReg,10,0.5582228201241025,0.021926044867226702,0.16409248725148198,0.18274647887323942,0.026297642496959695,0.14661016949152544,0.021097543698125856,1.7028901577072353,0.33564127706545
v0_baseline,DEBATE5,LogReg,15,0.5582228201241025,0.021926044867226702,0.16409248725148198,0.17652582159624414,0.02134663064354049,0.21242937853107344,0.025688318232057212,1.6669318815172574,0.3063688222262127
v0_baseline,DEBATE5,LogReg,20,0.5582228201241025,0.021926044867226702,0.16409248725148198,0.1727112676056338,0.015600199964933358,0.2771186440677966,0.025030829322265965,1.6610533667260512,0.2447306006663196
v0_baseline,DEBATE5,LogReg,25,0.5582228201241025,0.021926044867226702,0.16409248725148198,0.16661971830985917,0.013594900050559714,0.334180790960452,0.027266607446037833,1.6206280210863997,0.23603620656828042
v0_baseline,DEBATE5,LogReg,30,0.5582228201241025,0.021926044867226702,0.16409248725148198,0.16068075117370892,0.012244410193883013,0.38672316384180794,0.029469597415786225,1.5741789596523863,0.23067941253894683
v0_baseline,DEBATE5,RF,1,0.5569517474972343,0.018917927757978036,0.16125543305466045,0.2533333333333333,0.09328319455274306,0.021468926553672316,0.007905355470571447,2.7717284596918326,1.4326515720592212
v0_baseline,DEBATE5,RF,5,0.5569517474972343,0.018917927757978036,0.16125543305466045,0.2049295774647887,0.036118772390530456,0.08220338983050848,0.014488321128404877,1.9475390077834576,0.45840087054953826
v0_baseline,DEBATE5,RF,10,0.5569517474972343,0.018917927757978036,0.16125543305466045,0.17676056338028168,0.024384379852032876,0.14180790960451978,0.019562609824794734,1.6240738662381715,0.31121934156568204
v0_baseline,DEBATE5,RF,15,0.5569517474972343,0.018917927757978036,0.16125543305466045,0.16619718309859155,0.02017313470134609,0.2,0.024276145149077496,1.5227211333898543,0.27005266771567615
v0_baseline,DEBATE5,RF,20,0.5569517474972343,0.018917927757978036,0.16125543305466045,0.15950704225352114,0.014135378847162174,0.25593220338983047,0.022680494873412744,1.4612356916109126,0.202448949384562
v0_baseline,DEBATE5,RF,25,0.5569517474972343,0.018917927757978036,0.16125543305466045,0.15830985915492957,0.015172231161542383,0.3175141242937853,0.030430181143206458,1.4864955805769986,0.24853441715628077
v0_baseline,DEBATE5,RF,30,0.5569517474972343,0.018917927757978036,0.16125543305466045,0.15586854460093896,0.011734617975573703,0.3751412429378531,0.028242639873414667,1.4859979037142355,0.20760014608391822
v2a_y_anchored,BIBLIO,GBT,1,0.749597895810286,0.01674831980752555,0.3286052837938237,0.63,0.10917018207812407,0.05338983050847458,0.009251710345603735,13.79173988588382,6.774971054854941
v2a_y_anchored,BIBLIO,GBT,5,0.749597895810286,0.01674831980752555,0.3286052837938237,0.4323943661971831,0.034530105301697166,0.17344632768361581,0.01385105918881638,6.32131962564582,0.9411199188776453
v2a_y_anchored,BIBLIO,GBT,10,0.749597895810286,0.01674831980752555,0.3286052837938237,0.3640845070422535,0.02555515431673095,0.292090395480226,0.02050187521455254,5.303954129433035,0.7274447056038919
v2a_y_anchored,BIBLIO,GBT,15,0.749597895810286,0.01674831980752555,0.3286052837938237,0.32300469483568073,0.023380093141762873,0.3887005649717514,0.028135366323138383,4.886398451518344,0.756903357105028
v2a_y_anchored,BIBLIO,GBT,20,0.749597895810286,0.01674831980752555,0.3286052837938237,0.2971830985915493,0.017822972797714824,0.4768361581920904,0.028597312285598947,4.796442038210092,0.7100078024746522
v2a_y_anchored,BIBLIO,GBT,25,0.749597895810286,0.01674831980752555,0.3286052837938237,0.2757746478873239,0.013857322677463497,0.5531073446327683,0.027792935313556713,4.7716966461523125,0.6886712992058917
v2a_y_anchored,BIBLIO,GBT,30,0.749597895810286,0.01674831980752555,0.3286052837938237,0.2573943661971831,0.01085851868789962,0.6194915254237288,0.026134061926809237,4.786497596357853,0.6404596951000927
v2a_y_anchored,BIBLIO,LogReg,1,0.7312243634393623,0.01925447035104476,0.27699156079749143,0.4633333333333334,0.07639540110465759,0.03926553672316384,0.006474186534293018,6.559961137562792,1.9954995938443292
v2a_y_anchored,BIBLIO,LogReg,5,0.7312243634393623,0.01925447035104476,0.27699156079749143,0.35985915492957743,0.04824680837334015,0.14435028248587572,0.019353239516989546,4.549232768520534,1.0012097464548928
v2a_y_anchored,BIBLIO,LogReg,10,0.7312243634393623,0.01925447035104476,0.27699156079749143,0.3232394366197183,0.03456788028870872,0.2593220338983051,0.02773242373444428,4.242389315424316,0.8018875562295432
v2a_y_anchored,BIBLIO,LogReg,15,0.7312243634393623,0.01925447035104476,0.27699156079749143,0.2955399061032864,0.019295777653928637,0.35564971751412433,0.023220342600490402,4.043963840217628,0.5150570711421234
v2a_y_anchored,BIBLIO,LogReg,20,0.7312243634393623,0.01925447035104476,0.27699156079749143,0.2776408450704225,0.019927508032339513,0.44548022598870063,0.03197408068465775,4.101192535427659,0.6486000634303575
v2a_y_anchored,BIBLIO,LogReg,25,0.7312243634393623,0.01925447035104476,0.27699156079749143,0.257887323943662,0.017471841518144092,0.5172316384180791,0.035042394005317216,4.0255242652260605,0.6867591720730821
v2a_y_anchored,BIBLIO,LogReg,30,0.7312243634393623,0.01925447035104476,0.27699156079749143,0.24342723004694836,0.012400336260889865,0.5858757062146893,0.029844877102480714,4.066828643732871,0.5991222408012721
v2a_y_anchored,BIBLIO,RF,1,0.7533832293075113,0.01878713089937763,0.3323667906513452,0.6333333333333333,0.10259783520851541,0.053672316384180796,0.008694731797331814,14.100340117690976,8.032461030975934
v2a_y_anchored,BIBLIO,RF,5,0.7533832293075113,0.01878713089937763,0.3323667906513452,0.4302816901408451,0.05396696982461464,0.17259887005649718,0.021647767556766326,6.355167534226416,1.4942868925350126
v2a_y_anchored,BIBLIO,RF,10,0.7533832293075113,0.01878713089937763,0.3323667906513452,0.36795774647887325,0.02480622655823384,0.2951977401129944,0.01990104051564524,5.4161110195155855,0.71791991541836
v2a_y_anchored,BIBLIO,RF,15,0.7533832293075113,0.01878713089937763,0.3323667906513452,0.3262910798122066,0.020689823183028706,0.3926553672316384,0.024897922813475217,4.984381149309864,0.6964444304611901
v2a_y_anchored,BIBLIO,RF,20,0.7533832293075113,0.01878713089937763,0.3323667906513452,0.30017605633802813,0.016901215405371456,0.481638418079096,0.027118334322742917,4.91114838023568,0.7237789366956638
v2a_y_anchored,BIBLIO,RF,25,0.7533832293075113,0.01878713089937763,0.3323667906513452,0.2785915492957746,0.014184964207787486,0.5587570621468927,0.028450069456296915,4.9073644303521124,0.7065029490358405
v2a_y_anchored,BIBLIO,RF,30,0.7533832293075113,0.01878713089937763,0.3323667906513452,0.2596244131455399,0.013418051504063416,0.6248587570621469,0.03229429345045772,4.9438714855707655,0.8355862772995616
v2a_y_anchored,BIBLIO+DEBATE25,GBT,1,0.7505173975789526,0.017366455806792965,0.3257349436155761,0.5833333333333333,0.08617946730396582,0.04943502824858757,0.0073033446867767655,10.879906616430041,4.81118207903571
v2a_y_anchored,BIBLIO+DEBATE25,GBT,5,0.7505173975789526,0.017366455806792965,0.3257349436155761,0.4267605633802817,0.0507001069079397,0.17118644067796612,0.02033733101956903,6.2347836715453635,1.3881847593122851
v2a_y_anchored,BIBLIO+DEBATE25,GBT,10,0.7505173975789526,0.017366455806792965,0.3257349436155761,0.3686619718309859,0.033910364494325725,0.2957627118644068,0.02720492518753814,5.4759500724227905,1.0276770179421024
v2a_y_anchored,BIBLIO+DEBATE25,GBT,15,0.7505173975789526,0.017366455806792965,0.3257349436155761,0.326056338028169,0.02332420587735639,0.39237288135593223,0.028068112157496675,4.986680251041225,0.7606868932150019
v2a_y_anchored,BIBLIO+DEBATE25,GBT,20,0.7505173975789526,0.017366455806792965,0.3257349436155761,0.2982394366197183,0.017404334739562603,0.47853107344632767,0.027925599243140017,4.834343472466743,0.6777308182648312
v2a_y_anchored,BIBLIO+DEBATE25,GBT,25,0.7505173975789526,0.017366455806792965,0.3257349436155761,0.2769014084507042,0.010622763650319684,0.5553672316384181,0.021305542914482965,4.804449709268717,0.519906693499658
v2a_y_anchored,BIBLIO+DEBATE25,GBT,30,0.7505173975789526,0.017366455806792965,0.3257349436155761,0.2589201877934272,0.009845024997659319,0.6231638418079096,0.023694805926569876,4.865258517521233,0.5670213359095642
v2a_y_anchored,BIBLIO+DEBATE25,LogReg,1,0.7288037713343986,0.01644588941604054,0.2743518703890349,0.44666666666666666,0.1299572579307862,0.03785310734463277,0.011013326943286966,6.672620704785328,3.617351607641424
v2a_y_anchored,BIBLIO+DEBATE25,LogReg,5,0.7288037713343986,0.01644588941604054,0.2743518703890349,0.36338028169014086,0.04051269380770546,0.14576271186440679,0.016250854578232134,4.603006513106708,0.8895551387785204
v2a_y_anchored,BIBLIO+DEBATE25,LogReg,10,0.7288037713343986,0.01644588941604054,0.2743518703890349,0.3158450704225352,0.022879482034559806,0.2533898305084746,0.018355290671793745,4.033249391863995,0.5332095868437661
v2a_y_anchored,BIBLIO+DEBATE25,LogReg,15,0.7288037713343986,0.01644588941604054,0.2743518703890349,0.28497652582159627,0.022954464255467683,0.34293785310734465,0.02762316884980008,3.7731868889495788,0.5959946029368474
v2a_y_anchored,BIBLIO+DEBATE25,LogReg,20,0.7288037713343986,0.01644588941604054,0.2743518703890349,0.2670774647887324,0.01825256903638573,0.4285310734463277,0.02928660794538727,3.7579925501418914,0.5831728399953275
v2a_y_anchored,BIBLIO+DEBATE25,LogReg,25,0.7288037713343986,0.01644588941604054,0.2743518703890349,0.2563380281690141,0.014849499214883814,0.5141242937853108,0.029782893905557935,3.949762734197475,0.5750859902190948
v2a_y_anchored,BIBLIO+DEBATE25,LogReg,30,0.7288037713343986,0.01644588941604054,0.2743518703890349,0.2442488262910798,0.010483457915702953,0.5878531073446328,0.025231373288641012,4.090422152689933,0.47128889476236663
v2a_y_anchored,BIBLIO+DEBATE25,RF,1,0.7522378071265655,0.01712128470536217,0.3232148026096639,0.6333333333333333,0.11134478352717493,0.053672316384180796,0.009435998603997877,13.791645182706304,6.045067963026963
v2a_y_anchored,BIBLIO+DEBATE25,RF,5,0.7522378071265655,0.01712128470536217,0.3232148026096639,0.4070422535211268,0.03446957921607359,0.16327683615819208,0.01382678036350974,5.630836413569115,0.929739798201874
v2a_y_anchored,BIBLIO+DEBATE25,RF,10,0.7522378071265655,0.01712128470536217,0.3232148026096639,0.35809859154929574,0.031764183331154015,0.2872881355932203,0.02548313013007837,5.155371169371425,0.9152260910326103
v2a_y_anchored,BIBLIO+DEBATE25,RF,15,0.7522378071265655,0.01712128470536217,0.3232148026096639,0.3279342723004695,0.025180163480250792,0.3946327683615819,0.030301552662674678,5.061501528573272,0.8844145212946336
v2a_y_anchored,BIBLIO+DEBATE25,RF,20,0.7522378071265655,0.01712128470536217,0.3232148026096639,0.29806338028169016,0.01450786088789701,0.47824858757062144,0.023278149673235885,4.814645969728841,0.585711308334275
v2a_y_anchored,BIBLIO+DEBATE25,RF,25,0.7522378071265655,0.01712128470536217,0.3232148026096639,0.27338028169014084,0.01322744437394242,0.5483050847457627,0.02652962007203141,4.6566919304464145,0.6421385052594403
v2a_y_anchored,BIBLIO+DEBATE25,RF,30,0.7522378071265655,0.01712128470536217,0.3232148026096639,0.25481220657276993,0.012029348693078252,0.6132768361581922,0.028951991769781603,4.654932113788806,0.7505243328168895
v2a_y_anchored,BIBLIO+DEBATE5,GBT,1,0.7512335140696631,0.018456115417569096,0.3277578030654866,0.61,0.07578053878456878,0.05169491525423729,0.006422079558014304,11.80123422054866,3.8162446495710713
v2a_y_anchored,BIBLIO+DEBATE5,GBT,5,0.7512335140696631,0.018456115417569096,0.3277578030654866,0.4373239436619718,0.04224734325975967,0.17542372881355933,0.016946674414931848,6.502302294662066,1.2377435109625055
v2a_y_anchored,BIBLIO+DEBATE5,GBT,10,0.7512335140696631,0.018456115417569096,0.3277578030654866,0.3619718309859155,0.02668437517794411,0.2903954802259887,0.021407803815073803,5.247141844810929,0.7742013449981576
v2a_y_anchored,BIBLIO+DEBATE5,GBT,15,0.7512335140696631,0.018456115417569096,0.3277578030654866,0.3284037558685446,0.02429859460864157,0.39519774011299436,0.029240681647687308,5.069526061521816,0.793944784968389
v2a_y_anchored,BIBLIO+DEBATE5,GBT,20,0.7512335140696631,0.018456115417569096,0.3277578030654866,0.2984154929577465,0.015321640244074487,0.4788135593220339,0.02458387474190482,4.83152037158791,0.6075497482136049
v2a_y_anchored,BIBLIO+DEBATE5,GBT,25,0.7512335140696631,0.018456115417569096,0.3277578030654866,0.27718309859154927,0.012206952912671886,0.5559322033898305,0.02448287166100856,4.8264336453286525,0.5927671449310222
v2a_y_anchored,BIBLIO+DEBATE5,GBT,30,0.7512335140696631,0.018456115417569096,0.3277578030654866,0.257981220657277,0.01108649017887014,0.6209039548022599,0.026682739074568827,4.822084498981426,0.6546934177128063
v2a_y_anchored,BIBLIO+DEBATE5,LogReg,1,0.735152760895396,0.017243566877137472,0.27993765778034535,0.42666666666666664,0.11321975733189149,0.03615819209039548,0.009594894689143346,5.979472170004811,2.9118181802837593
v2a_y_anchored,BIBLIO+DEBATE5,LogReg,5,0.735152760895396,0.017243566877137472,0.27993765778034535,0.3725352112676056,0.03372705866917645,0.1494350282485876,0.013528933138483216,4.787093462318777,0.7631765507002556
v2a_y_anchored,BIBLIO+DEBATE5,LogReg,10,0.735152760895396,0.017243566877137472,0.27993765778034535,0.3246478873239437,0.025122508590565615,0.2604519774011299,0.02015478090316563,4.2482334850124115,0.6043179447538226
v2a_y_anchored,BIBLIO+DEBATE5,LogReg,15,0.735152760895396,0.017243566877137472,0.27993765778034535,0.2948356807511737,0.02205231731877559,0.35480225988700564,0.02653753440056045,4.034826446609222,0.6205008523772757
v2a_y_anchored,BIBLIO+DEBATE5,LogReg,20,0.735152760895396,0.017243566877137472,0.27993765778034535,0.2776408450704225,0.017818395645478862,0.4454802259887005,0.028589968154327666,4.0937286606662155,0.6200391732720528
v2a_y_anchored,BIBLIO+DEBATE5,LogReg,25,0.735152760895396,0.017243566877137472,0.27993765778034535,0.2619718309859155,0.015617131602388373,0.5254237288135594,0.03132249558671111,4.1774421865078555,0.64633367589138
v2a_y_anchored,BIBLIO+DEBATE5,LogReg,30,0.735152760895396,0.017243566877137472,0.27993765778034535,0.24964788732394366,0.012286970790204826,0.6008474576271187,0.02957203139337436,4.3735885390350795,0.624541689458934
v2a_y_anchored,BIBLIO+DEBATE5,RF,1,0.7545664376732815,0.019182182913729737,0.3301439224370989,0.63,0.09296921454869439,0.05338983050847458,0.007878746995652067,13.356503384171242,5.875996719034429
v2a_y_anchored,BIBLIO+DEBATE5,RF,5,0.7545664376732815,0.019182182913729737,0.3301439224370989,0.4169014084507042,0.045787476106323895,0.1672316384180791,0.01836672770366665,5.934161652688389,1.1900165352965826
v2a_y_anchored,BIBLIO+DEBATE5,RF,10,0.7545664376732815,0.019182182913729737,0.3301439224370989,0.3640845070422535,0.027140219756191554,0.292090395480226,0.021773509634910742,5.3105483668833715,0.795236499419572
v2a_y_anchored,BIBLIO+DEBATE5,RF,15,0.7545664376732815,0.019182182913729737,0.3301439224370989,0.3295774647887324,0.018630494858982504,0.39661016949152544,0.022419748050639957,5.086745741901277,0.6341385553238394
v2a_y_anchored,BIBLIO+DEBATE5,RF,20,0.7545664376732815,0.019182182913729737,0.3301439224370989,0.2975352112676056,0.013874452916415713,0.47740112994350287,0.022261834057977745,4.790536407519506,0.5397209238876526
v2a_y_anchored,BIBLIO+DEBATE5,RF,25,0.7545664376732815,0.019182182913729737,0.3301439224370989,0.27718309859154927,0.014972733686551111,0.5559322033898305,0.030030059088845422,4.84527813517098,0.733284562865269
v2a_y_anchored,BIBLIO+DEBATE5,RF,30,0.7545664376732815,0.019182182913729737,0.3301439224370989,0.25997652582159625,0.01211104300156928,0.6257062146892656,0.029148611969878595,4.952375049254287,0.778991442957009
v2a_y_anchored,DEBATE25,GBT,1,0.5479703583313985,0.021126347373431314,0.15100049058781317,0.15666666666666668,0.09739291615389213,0.01327683615819209,0.00825363696219425,1.6608010805223496,1.2860354448508078
v2a_y_anchored,DEBATE25,GBT,5,0.5479703583313985,0.021126347373431314,0.15100049058781317,0.16619718309859155,0.04203054584407099,0.06666666666666668,0.016859710479825086,1.498714703323544,0.4495101867616748
v2a_y_anchored,DEBATE25,GBT,10,0.5479703583313985,0.021126347373431314,0.15100049058781317,0.17183098591549295,0.02802036389604732,0.13785310734463277,0.022479613973100103,1.5667020489992303,0.34212554726036454
v2a_y_anchored,DEBATE25,GBT,15,0.5479703583313985,0.021126347373431314,0.15100049058781317,0.16150234741784036,0.022613323152661586,0.1943502824858757,0.027212643115914797,1.46400598637018,0.29732331909872084
v2a_y_anchored,DEBATE25,GBT,20,0.5479703583313985,0.021126347373431314,0.15100049058781317,0.1591549295774648,0.02178370738398248,0.25536723163841807,0.034952389248875844,1.4690809112018697,0.3265320806916913
v2a_y_anchored,DEBATE25,GBT,25,0.5479703583313985,0.021126347373431314,0.15100049058781317,0.15507042253521125,0.017206900599651156,0.3110169491525424,0.03451101532698395,1.43976165665945,0.28141309570408723
v2a_y_anchored,DEBATE25,GBT,30,0.5479703583313985,0.021126347373431314,0.15100049058781317,0.14988262910798122,0.014028283299938119,0.36073446327683617,0.0337629869252748,1.3880969404960894,0.23702596310876764
v2a_y_anchored,DEBATE25,LogReg,1,0.5521859080293366,0.020464007155700077,0.14797660796580314,0.13666666666666666,0.10700603907098336,0.011581920903954802,0.009068308395846048,1.4683991819598259,1.1851468136403425
v2a_y_anchored,DEBATE25,LogReg,5,0.5521859080293366,0.020464007155700077,0.14797660796580314,0.13732394366197181,0.04083995775879976,0.05508474576271186,0.0163821299484451,1.1924589719149135,0.4051618189410153
v2a_y_anchored,DEBATE25,LogReg,10,0.5521859080293366,0.020464007155700077,0.14797660796580314,0.15774647887323942,0.02231639502618609,0.1265536723163842,0.017903548552081504,1.3905220311901034,0.25846365719852704
v2a_y_anchored,DEBATE25,LogReg,15,0.5521859080293366,0.020464007155700077,0.14797660796580314,0.1572769953051643,0.01564533345023646,0.18926553672316385,0.01882743516892861,1.4006505883628648,0.19535319775127896
v2a_y_anchored,DEBATE25,LogReg,20,0.5521859080293366,0.020464007155700077,0.14797660796580314,0.15528169014084509,0.015534179274528739,0.24915254237288137,0.02492489781901787,1.4032630439184657,0.21594173985982518
v2a_y_anchored,DEBATE25,LogReg,25,0.5521859080293366,0.020464007155700077,0.14797660796580314,0.153943661971831,0.015757562493741252,0.30875706214689264,0.0316041507642833,1.4183986363458092,0.2347935508339808
v2a_y_anchored,DEBATE25,LogReg,30,0.5521859080293366,0.020464007155700077,0.14797660796580314,0.1505868544600939,0.014734113390601744,0.36242937853107343,0.035461764431617755,1.400721417087396,0.23776542077264243
v2a_y_anchored,DEBATE25,RF,1,0.5605158269483785,0.02199137769838977,0.15425348688991924,0.2033333333333333,0.12325981687533188,0.017231638418079096,0.010445747192824735,2.231735392503471,1.5029034363196945
v2a_y_anchored,DEBATE25,RF,5,0.5605158269483785,0.02199137769838977,0.15425348688991924,0.18098591549295776,0.04317623591696336,0.07259887005649718,0.01731928107403615,1.6695712832305112,0.5129647521198554
v2a_y_anchored,DEBATE25,RF,10,0.5605158269483785,0.02199137769838977,0.15425348688991924,0.1686619718309859,0.02589757897627288,0.13531073446327685,0.02077658878322457,1.5251873293428093,0.3189944068535403
v2a_y_anchored,DEBATE25,RF,15,0.5605158269483785,0.02199137769838977,0.15425348688991924,0.16220657276995304,0.02726814985356067,0.19519774011299434,0.03281421423055605,1.4801471339405028,0.34637853280290626
v2a_y_anchored,DEBATE25,RF,20,0.5605158269483785,0.02199137769838977,0.15425348688991924,0.16056338028169015,0.020448719187612402,0.25762711864406784,0.03281037428972838,1.48617133092124,0.2955795225231004
v2a_y_anchored,DEBATE25,RF,25,0.5605158269483785,0.02199137769838977,0.15425348688991924,0.1574647887323944,0.01642267380518199,0.315819209039548,0.03293813107818985,1.4751193778480682,0.25976190931160653
v2a_y_anchored,DEBATE25,RF,30,0.5605158269483785,0.02199137769838977,0.15425348688991924,0.15539906103286386,0.01413794327432486,0.37401129943502825,0.034026914321256464,1.4828335179239684,0.24956525068287927
v2a_y_anchored,DEBATE5,GBT,1,0.5443443641677707,0.0201446816399889,0.14810894639636446,0.15666666666666668,0.09246462892554742,0.01327683615819209,0.007835985502165035,1.628216598675057,1.0141575862995593
v2a_y_anchored,DEBATE5,GBT,5,0.5443443641677707,0.0201446816399889,0.14810894639636446,0.16971830985915493,0.0513904230299571,0.06807909604519774,0.02061423748659296,1.5547347151508395,0.5954203724933046
v2a_y_anchored,DEBATE5,GBT,10,0.5443443641677707,0.0201446816399889,0.14810894639636446,0.16126760563380282,0.03222309446906715,0.12937853107344632,0.025851296127726183,1.4445369130364685,0.3819397646184172
v2a_y_anchored,DEBATE5,GBT,15,0.5443443641677707,0.0201446816399889,0.14810894639636446,0.16150234741784036,0.027978932017852693,0.1943502824858757,0.033669562258771886,1.4735966925337,0.3827879213625443
v2a_y_anchored,DEBATE5,GBT,20,0.5443443641677707,0.0201446816399889,0.14810894639636446,0.1528169014084507,0.01953478075891847,0.24519774011299433,0.031343942008660135,1.3755647114067522,0.27954370245871796
v2a_y_anchored,DEBATE5,GBT,25,0.5443443641677707,0.0201446816399889,0.14810894639636446,0.1508450704225352,0.01732783047756981,0.30254237288135594,0.034753558302470525,1.3752675112931496,0.2763100472205554
v2a_y_anchored,DEBATE5,GBT,30,0.5443443641677707,0.0201446816399889,0.14810894639636446,0.14847417840375587,0.012182671283069565,0.3573446327683616,0.029321005460947094,1.361172073143444,0.20523505434525288
v2a_y_anchored,DEBATE5,LogReg,1,0.5605550927127294,0.021923285281315992,0.1512293162770054,0.16,0.10236958612665527,0.013559322033898305,0.008675388654801296,1.672375607752485,1.0025220242523611
v2a_y_anchored,DEBATE5,LogReg,5,0.5605550927127294,0.021923285281315992,0.1512293162770054,0.16056338028169015,0.038612591861781426,0.06440677966101696,0.015488666792014017,1.4331640455589825,0.41730892719126095
v2a_y_anchored,DEBATE5,LogReg,10,0.5605550927127294,0.021923285281315992,0.1512293162770054,0.15492957746478872,0.02418014296560429,0.12429378531073447,0.019398758763366154,1.3597132756306143,0.27527165930733244
v2a_y_anchored,DEBATE5,LogReg,15,0.5605550927127294,0.021923285281315992,0.1512293162770054,0.1556338028169014,0.022709308147109405,0.18728813559322036,0.0273281504821147,1.3882086161772793,0.2847661967269375
v2a_y_anchored,DEBATE5,LogReg,20,0.5605550927127294,0.021923285281315992,0.1512293162770054,0.1602112676056338,0.01707884987466899,0.2570621468926554,0.027403352341276794,1.4756868498054279,0.25259514601164684
v2a_y_anchored,DEBATE5,LogReg,25,0.5605550927127294,0.021923285281315992,0.1512293162770054,0.1576056338028169,0.01505825908757225,0.31610169491525425,0.030201593085243776,1.4753246513724791,0.2504162228771354
v2a_y_anchored,DEBATE5,LogReg,30,0.5605550927127294,0.021923285281315992,0.1512293162770054,0.15985915492957747,0.013791112670759822,0.3847457627118644,0.03319216947877787,1.5628679957072449,0.26438191438892394
v2a_y_anchored,DEBATE5,RF,1,0.5563923526224979,0.02358529485589294,0.1546893590600078,0.15999999999999998,0.08759289137757151,0.013559322033898305,0.0074231263879297885,1.64668440406401,0.921073600374306
v2a_y_anchored,DEBATE5,RF,5,0.5563923526224979,0.02358529485589294,0.1546893590600078,0.16619718309859155,0.04718005588587151,0.06666666666666668,0.01892533315195976,1.5067990418345092,0.5156840438338266
v2a_y_anchored,DEBATE5,RF,10,0.5563923526224979,0.02358529485589294,0.1546893590600078,0.17535211267605633,0.027973748718373645,0.14067796610169492,0.022442216485926876,1.610598927820978,0.34580543198016533
v2a_y_anchored,DEBATE5,RF,15,0.5563923526224979,0.02358529485589294,0.1546893590600078,0.17136150234741784,0.01947679406863213,0.2062146892655367,0.023438175913099674,1.5922015823064775,0.2746757165535659
v2a_y_anchored,DEBATE5,RF,20,0.5563923526224979,0.02358529485589294,0.1546893590600078,0.16602112676056338,0.020123024198752015,0.2663841807909605,0.032287790239805506,1.5663710512354518,0.30609624891449966
v2a_y_anchored,DEBATE5,RF,25,0.5563923526224979,0.02358529485589294,0.1546893590600078,0.16,0.018496511136183058,0.3209039548022599,0.0370975223352824,1.5199617292903342,0.2939613920784397
v2a_y_anchored,DEBATE5,RF,30,0.5563923526224979,0.02358529485589294,0.1546893590600078,0.1539906103286385,0.016535730569258757,0.3706214689265537,0.03979786001414818,1.4637689494816573,0.2828053565011925
