dataset,field,feature_set,model,n_test_mean,n_pos_mean,auc_mean,auc_std,P_mean,P_std,R_mean,R_std,DOR_mean,DOR_std
v0_baseline,01,BIBLIO,FFN,563.2,88.85,0.7129324548837255,0.02382886268441228,0.3326209149444821,0.05137208641432211,0.21225325481529472,0.031045542523669353,3.2087950720847056,0.8111785068817203
v0_baseline,01,BIBLIO,GBT,563.2,88.85,0.7370082335570236,0.0253504943518742,0.3789195672401962,0.056232747461816654,0.24215053268193798,0.03576201879882078,4.136443658060967,1.2542466087031094
v0_baseline,01,BIBLIO,LogReg,563.2,88.85,0.7169428796333406,0.02160951529997011,0.3460789344794184,0.058346971933956784,0.22045692095844602,0.03248920784397952,3.458204775839852,0.9526436204058258
v0_baseline,01,BIBLIO,RF,563.2,88.85,0.7454933014745886,0.020664614472215483,0.3631317609264202,0.06107415457914671,0.23154541919848737,0.034938537632656086,3.8030759867314856,1.1160105840372143
v0_baseline,01,BIBLIO,SVM,563.2,88.85,0.6378652224382284,0.02886957452090649,0.3001721187982861,0.066164380574121,0.19121364275201969,0.03994962966276966,2.7452196366724606,1.0666038409986607
v0_baseline,01,BIBLIO,XGB,563.2,88.85,0.6928872085898578,0.02558911879920565,0.37504562596968094,0.07003619010180863,0.23960307745062265,0.04414162453784404,4.1079699667429885,1.3573235807938206
v0_baseline,01,BIBLIO+DEBATE25,FFN,563.2,88.85,0.6505175543401434,0.031730676302269833,0.2942995669892162,0.05535064834056949,0.1882434861530237,0.03677433817800519,2.637358100890789,0.8615373226113374
v0_baseline,01,BIBLIO+DEBATE25,GBT,563.2,88.85,0.7449812102013349,0.019461686699281645,0.3803315462922449,0.04985708418760309,0.24283678652144877,0.02942066267589037,4.118569634453831,1.018572172149524
v0_baseline,01,BIBLIO+DEBATE25,LogReg,563.2,88.85,0.721418176382798,0.01582881234492054,0.35641986720680563,0.04371515638683161,0.22754670022477255,0.025950704537124537,3.6132996377168247,0.7410697648552745
v0_baseline,01,BIBLIO+DEBATE25,RF,563.2,88.85,0.7513433750976999,0.01704715914735244,0.38344479030835366,0.05891509405429376,0.24446824867793274,0.03282260023794531,4.213365314079984,1.2190129604608775
v0_baseline,01,BIBLIO+DEBATE25,SVM,563.2,88.85,0.6496074336700788,0.025662661252065132,0.3138091171240245,0.05445086607505665,0.20082605949037718,0.03550433804313449,2.928534554396003,0.8452610668395164
v0_baseline,01,BIBLIO+DEBATE25,XGB,563.2,88.85,0.7054133622511448,0.02861847036963987,0.36101571811826194,0.06499496030154567,0.23090001121869505,0.04272732704369995,3.81947568125832,1.3206616027835052
v0_baseline,01,BIBLIO+DEBATE5,FFN,563.2,88.85,0.7001287214470759,0.023217398524703874,0.3383139052261468,0.06773468659097058,0.21464174602850128,0.03596660515493289,3.3252041959029484,0.9862154990589325
v0_baseline,01,BIBLIO+DEBATE5,GBT,563.2,88.85,0.74427650788842,0.020488508288976852,0.3901477223563289,0.05232571783897529,0.2496575656040966,0.036137480778719325,4.368564048208283,1.1794219367290564
v0_baseline,01,BIBLIO+DEBATE5,LogReg,563.2,88.85,0.7237889988280046,0.01704230449941271,0.36618770324301364,0.04874496113085901,0.23377426108508703,0.028647991038017233,3.823591786120872,0.9290610249199943
v0_baseline,01,BIBLIO+DEBATE5,RF,563.2,88.85,0.7507454939157747,0.01833162183803167,0.37725100354559393,0.06511419592085106,0.24055820329405336,0.037387877015252535,4.122434343340142,1.385727030168033
v0_baseline,01,BIBLIO+DEBATE5,SVM,563.2,88.85,0.660528654536991,0.02306113341046566,0.3097250750794637,0.04387531224809276,0.1978436840736514,0.026965764642636267,2.8222427559987953,0.6530227150492048
v0_baseline,01,BIBLIO+DEBATE5,XGB,563.2,88.85,0.7028582879387051,0.02915119590473564,0.3553183688547086,0.07036133923505311,0.22715332218470916,0.04574553485352107,3.74428183384671,1.5026437166344264
v0_baseline,03,BIBLIO,FFN,26.55,6.3,0.7525837991159949,0.1169312832346112,0.5458333333333333,0.2410306209466302,0.2950396825396825,0.17475346213038093,17.043822922175863,40.20790542713071
v0_baseline,03,BIBLIO,GBT,26.55,6.3,0.7720438236579978,0.10792764207671701,0.5125,0.26802695814488076,0.26043650793650797,0.14096591710049547,7.738374319637478,12.69877461547219
v0_baseline,03,BIBLIO,LogReg,26.55,6.3,0.7773862724308527,0.09897818852573229,0.5333333333333333,0.22196622681830047,0.2825992063492063,0.1453840082083601,6.573581181345887,5.668822054616839
v0_baseline,03,BIBLIO,RF,26.55,6.3,0.7723326522466407,0.10084063537205509,0.4541666666666666,0.244044562606938,0.2390079365079365,0.16761184729066736,6.829087754350913,12.830593348421047
v0_baseline,03,BIBLIO,SVM,26.55,6.3,0.7087854853996057,0.13134545730852823,0.4458333333333333,0.2977437082281902,0.23992063492063492,0.17646179821065708,8.625725899372958,15.714918145452874
v0_baseline,03,BIBLIO,XGB,26.55,6.3,0.7185978080315216,0.14118961744094663,0.6208333333333333,0.30285556165946526,0.31819444444444445,0.15825106661316762,15.288822976587682,19.484300394070587
v0_baseline,03,BIBLIO+DEBATE25,FFN,26.55,6.3,0.6487255980246114,0.11862333797028886,0.275,0.2389364837668241,0.15259920634920635,0.16496171518334266,3.402408088545196,6.001397390171464
v0_baseline,03,BIBLIO+DEBATE25,GBT,26.55,6.3,0.7534816164130114,0.12101771737748769,0.5,0.30588764516074907,0.26162698412698415,0.18192939916785567,9.103942085205244,13.702515710716527
v0_baseline,03,BIBLIO+DEBATE25,LogReg,26.55,6.3,0.731117157651825,0.125077666738041,0.4333333333333333,0.3042102227886545,0.22019841269841267,0.17282175367081912,7.3320684357659145,13.321871009285118
v0_baseline,03,BIBLIO+DEBATE25,RF,26.55,6.3,0.7421868495046723,0.1109528866861488,0.3625,0.30018878075898714,0.18442460317460316,0.15884451159699936,5.869526839173898,12.653567618311218
v0_baseline,03,BIBLIO+DEBATE25,SVM,26.55,6.3,0.6503128890219412,0.10232204032796681,0.2333333333333333,0.2173067468400883,0.1266468253968254,0.139193559793397,2.211822377959485,2.773585279279248
v0_baseline,03,BIBLIO+DEBATE25,XGB,26.55,6.3,0.7033265966757474,0.12345677922592449,0.4125,0.28673780227145146,0.21847222222222223,0.15849102051857938,5.731040685950903,7.666483207059095
v0_baseline,03,BIBLIO+DEBATE5,FFN,26.55,6.3,0.72033261654205,0.08960948449883943,0.5333333333333333,0.3146054802242556,0.252718253968254,0.14281985003582154,7.724064523613396,8.43675402863191
v0_baseline,03,BIBLIO+DEBATE5,GBT,26.55,6.3,0.7530782953445776,0.08779055249463553,0.4291666666666666,0.3074073340144115,0.22529761904761902,0.18336939917107142,9.583772593419651,19.12181573232421
v0_baseline,03,BIBLIO+DEBATE5,LogReg,26.55,6.3,0.7508136096955722,0.1142469607892069,0.3958333333333333,0.30091842845660904,0.20061507936507933,0.17352234751979395,6.850024263220194,13.454927280267226
v0_baseline,03,BIBLIO+DEBATE5,RF,26.55,6.3,0.7613829483076361,0.11086657973106173,0.4208333333333333,0.2942864797501623,0.21900793650793648,0.175722936872294,7.07382054982055,13.292003899259358
v0_baseline,03,BIBLIO+DEBATE5,SVM,26.55,6.3,0.6495145689363511,0.10764991716640841,0.2625,0.22503248628373845,0.13601190476190478,0.13039162964797973,2.2626007705335436,2.5294541111195756
v0_baseline,03,BIBLIO+DEBATE5,XGB,26.55,6.3,0.6834972776725257,0.10373775546958687,0.45,0.19002923751652298,0.23734126984126985,0.12370812713825273,4.553422974686133,5.486414979824245
v0_baseline,07,BIBLIO,FFN,60.55,7.95,0.7154083470683379,0.0966348156261811,0.35285714285714287,0.16746247528968033,0.2993961593961594,0.12787082503984937,6.247999603911329,4.41758020873239
v0_baseline,07,BIBLIO,GBT,60.55,7.95,0.7261452116370968,0.0847681505419967,0.30476190476190473,0.1670421834776647,0.2498074148074148,0.14271622850368137,4.912692149519533,3.888072668729373
v0_baseline,07,BIBLIO,LogReg,60.55,7.95,0.7533263763647514,0.07215454728211777,0.29928571428571427,0.11657353963066283,0.25751068376068376,0.10281104513053663,4.4018002654553925,2.843129779632485
v0_baseline,07,BIBLIO,RF,60.55,7.95,0.7320492029017399,0.07010238845064033,0.2861904761904762,0.13611403992747306,0.24904983904983907,0.12021039155551683,4.277647019523657,2.698472337244798
v0_baseline,07,BIBLIO,SVM,60.55,7.95,0.5983145065229338,0.1187191183923691,0.2583333333333333,0.17449824066376365,0.2070555833055833,0.14494977215556476,3.904226594119398,3.290894447212966
v0_baseline,07,BIBLIO,XGB,60.55,7.95,0.676428224679494,0.0777905395664123,0.2583333333333333,0.16823022404613058,0.21077422577422578,0.13564510595618573,3.836853082803273,3.2054623729385368
v0_baseline,07,BIBLIO+DEBATE25,FFN,60.55,7.95,0.6346021714899492,0.09378257873784299,0.17785714285714285,0.11785644667017993,0.1618151293151293,0.11328410648832848,2.489309532226564,2.0893941928177164
v0_baseline,07,BIBLIO+DEBATE25,GBT,60.55,7.95,0.7080008027650199,0.0789347777103103,0.3142857142857143,0.15595740296874866,0.27032509157509155,0.12253540143856576,4.917692377216073,2.7615827573051748
v0_baseline,07,BIBLIO+DEBATE25,LogReg,60.55,7.95,0.7393575812950663,0.06608480070483073,0.2938095238095238,0.15838048367994526,0.24261169386169387,0.1235129713240643,4.260264659568823,2.584213886812319
v0_baseline,07,BIBLIO+DEBATE25,RF,60.55,7.95,0.7173420042313668,0.05664549792195569,0.29166666666666663,0.19310142640173952,0.2538532301032301,0.15517041296410047,4.933997993194916,3.4217992358503744
v0_baseline,07,BIBLIO+DEBATE25,SVM,60.55,7.95,0.636739351387027,0.10217764726390623,0.19523809523809524,0.13809955917533037,0.17669788544788545,0.13798926157280406,2.9259196664372498,2.63950788771437
v0_baseline,07,BIBLIO+DEBATE25,XGB,60.55,7.95,0.6633035803183047,0.08883782437006024,0.24047619047619045,0.16493913136227287,0.21593240093240093,0.15736937444190635,4.127343522844121,4.8326728275226785
v0_baseline,07,BIBLIO+DEBATE5,FFN,60.55,7.95,0.6985970463666439,0.12856325097701962,0.275,0.150480592239163,0.23675185925185924,0.12906009863256462,4.084417849827075,2.6862569175493376
v0_baseline,07,BIBLIO+DEBATE5,GBT,60.55,7.95,0.7119121711682559,0.07215812312426141,0.29761904761904756,0.15536320434885734,0.2578214840714841,0.1259814180155873,4.7215867055686065,3.1737097840059407
v0_baseline,07,BIBLIO+DEBATE5,LogReg,60.55,7.95,0.7503594698594758,0.07434441483178802,0.28904761904761905,0.17772548162666355,0.23740967365967366,0.1304713375633954,4.437172911970086,3.4435060980438763
v0_baseline,07,BIBLIO+DEBATE5,RF,60.55,7.95,0.7258709252083373,0.062082849299228804,0.275,0.1617563450652696,0.2407165057165057,0.13508843011842575,4.310947640853174,3.035493736879054
v0_baseline,07,BIBLIO+DEBATE5,SVM,60.55,7.95,0.6100502390474947,0.10657206858306566,0.30357142857142855,0.2047990582368101,0.23535159285159285,0.15012108950977301,5.127636242234523,4.7100215800972
v0_baseline,07,BIBLIO+DEBATE5,XGB,60.55,7.95,0.6725271911738582,0.07428292458745214,0.2452380952380952,0.15528636794240275,0.2132327394827395,0.12582115577092826,3.584013072273129,2.6487550444614767
v0_baseline,08,BIBLIO,FFN,251.3,19.45,0.6578594480166683,0.061113469098109906,0.19377136752136753,0.07320474266698443,0.2638573627300744,0.0972985200619209,4.238744338638912,2.4357716295635927
v0_baseline,08,BIBLIO,GBT,251.3,19.45,0.6896075460739554,0.06343134654383228,0.2251331908831909,0.08015783671298721,0.3003490947140833,0.09421124944441978,5.172178244679519,2.7730908289231238
v0_baseline,08,BIBLIO,LogReg,251.3,19.45,0.6531390168674633,0.06746778876337214,0.16058190883190884,0.062362596299361556,0.216906132927586,0.08109022776712073,3.1255994806788157,1.7789672065519022
v0_baseline,08,BIBLIO,RF,251.3,19.45,0.6827066205241739,0.05980344212440712,0.21348789173789173,0.08950077616340422,0.2787766620298085,0.08540568189452444,4.605604244617749,2.3194352589894702
v0_baseline,08,BIBLIO,SVM,251.3,19.45,0.6554830518426173,0.05023942824564394,0.176511396011396,0.07205497682289458,0.24076366844444647,0.09983788463704692,3.6962564927897907,2.118593216549093
v0_baseline,08,BIBLIO,XGB,251.3,19.45,0.6727616417977276,0.07903727675224508,0.23658760683760685,0.09189566087782311,0.3144025369176971,0.10635891699296285,5.747123034423425,3.3843207046713055
v0_baseline,08,BIBLIO+DEBATE25,FFN,251.3,19.45,0.6264921396805543,0.08807128921740982,0.15408831908831908,0.07947043828730878,0.19814236513550015,0.08738685717679925,2.835895674808087,1.5015304234684514
v0_baseline,08,BIBLIO+DEBATE25,GBT,251.3,19.45,0.6922358810065294,0.0616520490922736,0.20019943019943018,0.08073321378108862,0.2723908731428754,0.1141405317576821,4.60713390323434,3.182281967506829
v0_baseline,08,BIBLIO+DEBATE25,LogReg,251.3,19.45,0.6564657799095871,0.0687547105554383,0.14894871794871795,0.04717238464687321,0.1991597345573318,0.053564836184437394,2.6637072349099613,0.9373852950715683
v0_baseline,08,BIBLIO+DEBATE25,RF,251.3,19.45,0.6780457894224006,0.05754408433409643,0.20124928774928774,0.07394098163914951,0.2669054821037086,0.08194520390878128,4.211392317946013,2.024606613248626
v0_baseline,08,BIBLIO+DEBATE25,SVM,251.3,19.45,0.6428420472138464,0.07565505639761087,0.1646068376068376,0.05620361021683043,0.22350698386281911,0.07491373618390676,3.2132764259361593,1.6447114013666033
v0_baseline,08,BIBLIO+DEBATE25,XGB,251.3,19.45,0.6856355673092026,0.07368224806352436,0.2068582621082621,0.07411246877926497,0.27949428724085473,0.10973151756822626,4.645673283882539,2.5741505675415532
v0_baseline,08,BIBLIO+DEBATE5,FFN,251.3,19.45,0.6522907036546296,0.050463236350799176,0.1854437321937322,0.08238023375553741,0.24224480944303597,0.07767196809267554,3.657161481713807,1.573082792084526
v0_baseline,08,BIBLIO+DEBATE5,GBT,251.3,19.45,0.6914273902911693,0.060493576567005804,0.21381410256410258,0.07755928459312773,0.28514809900879695,0.09096348127523063,4.703757640946885,2.2529598774951456
v0_baseline,08,BIBLIO+DEBATE5,LogReg,251.3,19.45,0.662530840080553,0.0696960996103142,0.14918589743589744,0.0584501749734183,0.20287965578154363,0.0785745705998746,2.849245079252141,1.6741111757060239
v0_baseline,08,BIBLIO+DEBATE5,RF,251.3,19.45,0.6805170907636658,0.057799884791927235,0.21348789173789173,0.08366518163526757,0.2811941648168765,0.08482587328201549,4.623552272131668,2.238969259548091
v0_baseline,08,BIBLIO+DEBATE5,SVM,251.3,19.45,0.6430020354847532,0.03970765187111917,0.15894301994301993,0.05866756856580356,0.22014305755266853,0.09651473689197262,3.2299181846726635,1.9841676163639996
v0_baseline,08,BIBLIO+DEBATE5,XGB,251.3,19.45,0.689362669681045,0.07056272534237645,0.2145868945868946,0.07703526595570659,0.2856321763032289,0.08769976230373397,4.724040388204943,2.232906283013526
v0_baseline,09,BIBLIO,FFN,427.7,40.7,0.6332027184351908,0.04439652812760642,0.1758229661531839,0.03367139764146268,0.18694744235146088,0.03301954214809563,2.396608619357771,0.6129030351697752
v0_baseline,09,BIBLIO,GBT,427.7,40.7,0.7029594074498993,0.03325194003346573,0.246844110044189,0.046468417419964304,0.2630006028629409,0.048823745547832816,4.07058597495481,1.1499461183877575
v0_baseline,09,BIBLIO,LogReg,427.7,40.7,0.6778643750781173,0.04381910717518788,0.19449103665822945,0.04108115057687631,0.20674925690714768,0.040275777245450464,2.7843455021707655,0.7659131268249922
v0_baseline,09,BIBLIO,RF,427.7,40.7,0.6928392398892074,0.0380439512137261,0.24094252408421685,0.047050340938470235,0.2552608452005683,0.04168199621297121,3.8631397442390094,0.9938388288288954
v0_baseline,09,BIBLIO,SVM,427.7,40.7,0.5963374829374695,0.04389732183811731,0.17379237017390856,0.03381905822370846,0.1859282888399686,0.04047955216494059,2.390542679486722,0.7498942126667476
v0_baseline,09,BIBLIO,XGB,427.7,40.7,0.6749093879958904,0.03627522606891995,0.24604188198789792,0.06047957011791365,0.26158390468468945,0.06075767590118607,4.117182968365222,1.5049702115890906
v0_baseline,09,BIBLIO+DEBATE25,FFN,427.7,40.7,0.6015277551558851,0.049967227671703765,0.1364039075058459,0.04888555148440369,0.14439660979236754,0.04782582669534931,1.7458178515371174,0.7289920474332304
v0_baseline,09,BIBLIO+DEBATE25,GBT,427.7,40.7,0.6912048884519184,0.035224253459849544,0.2316668217353191,0.04383714155580727,0.24589325847027502,0.04012283434590866,3.630517938189974,0.9524787330018022
v0_baseline,09,BIBLIO+DEBATE25,LogReg,427.7,40.7,0.6837458546428784,0.04164461449154228,0.20235511917119356,0.05105050758642466,0.21632517717620092,0.05541178833579586,3.0335779309990505,1.1568197424255047
v0_baseline,09,BIBLIO+DEBATE25,RF,427.7,40.7,0.6868737033548291,0.03561334614523442,0.22454676048506966,0.04485542182438423,0.23827452380773892,0.043051642622165785,3.465847874471158,1.0197404777738632
v0_baseline,09,BIBLIO+DEBATE25,SVM,427.7,40.7,0.6008893463566547,0.04501240311510094,0.15887245846215242,0.05017775106519205,0.16863775227201755,0.04875694717383507,2.1337311964065835,0.8560151848744991
v0_baseline,09,BIBLIO+DEBATE25,XGB,427.7,40.7,0.6547571467834234,0.032421599564245084,0.19357037725400694,0.04964651337732631,0.20598616994001367,0.05080865204617595,2.8091883293002273,1.014458846209413
v0_baseline,09,BIBLIO+DEBATE5,FFN,427.7,40.7,0.636810637303207,0.04313964097736367,0.18974983129277934,0.04539798578242371,0.2047912915499642,0.0594731175610413,2.8060509563725122,1.2182406591131811
v0_baseline,09,BIBLIO+DEBATE5,GBT,427.7,40.7,0.6932301116732182,0.03464039267139293,0.23516250821116538,0.044715450852781,0.2495557725214693,0.040557336351121756,3.7131573461063723,0.8949203464089236
v0_baseline,09,BIBLIO+DEBATE5,LogReg,427.7,40.7,0.6846907575566684,0.043126231713187295,0.20709674490347257,0.03729204669115135,0.22057625386157137,0.037139784606351804,3.04822033594833,0.7226318960787332
v0_baseline,09,BIBLIO+DEBATE5,RF,427.7,40.7,0.6894920695649658,0.038188839005009155,0.23774569039927002,0.04274938275382822,0.2527140892535788,0.04222816878782095,3.801772191192981,1.1149787625986418
v0_baseline,09,BIBLIO+DEBATE5,SVM,427.7,40.7,0.587056638439896,0.035698032265019046,0.16672087530462582,0.03744918794979505,0.17741131196746976,0.03810200331605033,2.2419579722181027,0.6677323253502242
v0_baseline,09,BIBLIO+DEBATE5,XGB,427.7,40.7,0.654709634764989,0.040665002355818186,0.2139980752804127,0.04675275072068752,0.2279139503699573,0.04754316276211174,3.2435120732495037,0.9811687355451201
v0_baseline,12,BIBLIO,FFN,26.3,7.35,0.8273136302953489,0.08356896679351963,0.8041666666666666,0.22503248628373848,0.338015873015873,0.11543377282359459,15.809134569134567,14.559964170512156
v0_baseline,12,BIBLIO,GBT,26.3,7.35,0.871226449925316,0.05353358898450764,0.85,0.19421456754222646,0.37890873015873017,0.16091810126626432,23.392974432974434,21.003559670570606
v0_baseline,12,BIBLIO,LogReg,26.3,7.35,0.858895781172383,0.07198698276948688,0.6083333333333333,0.21814609622508863,0.256984126984127,0.10353812637381823,8.386437249025485,14.240139781532905
v0_baseline,12,BIBLIO,RF,26.3,7.35,0.8855615501797525,0.059094867762912846,0.875,0.17832062587943967,0.3809920634920635,0.13250609257249074,21.78966958966959,15.726816456574872
v0_baseline,12,BIBLIO,SVM,26.3,7.35,0.7915527388088298,0.11038271108624804,0.8166666666666667,0.22229530961845007,0.3593253968253968,0.14751118376687145,20.178992684875038,16.550669336516744
v0_baseline,12,BIBLIO,XGB,26.3,7.35,0.8341132406250441,0.06297444360021606,0.925,0.190988502761644,0.4041071428571429,0.1524722055047603,28.53722721722722,19.065733716382514
v0_baseline,12,BIBLIO+DEBATE25,FFN,26.3,7.35,0.7550356225989976,0.09006595648442339,0.575,0.25635205142343964,0.2458333333333333,0.10545677408786228,6.4664122979417105,6.8828385483621455
v0_baseline,12,BIBLIO+DEBATE25,GBT,26.3,7.35,0.8820903504122646,0.058024511195898805,0.9,0.18257418583505536,0.39369047619047615,0.13216295089837352,24.873057313057313,14.930016043461395
v0_baseline,12,BIBLIO+DEBATE25,LogReg,26.3,7.35,0.8268761746689967,0.08459584604066842,0.6416666666666666,0.2622719003393279,0.2649206349206349,0.09323262700397371,7.7554297398507925,6.5864427898679105
v0_baseline,12,BIBLIO+DEBATE25,RF,26.3,7.35,0.8758088594511733,0.050688180787976024,0.8416666666666666,0.2386303510546059,0.365515873015873,0.1486967213786085,21.274725274725277,16.298476824948057
v0_baseline,12,BIBLIO+DEBATE25,SVM,26.3,7.35,0.7771616904097807,0.06991439041221745,0.6458333333333333,0.29847933308807456,0.2728968253968254,0.14475544773189697,9.336970759088405,8.712881574406488
v0_baseline,12,BIBLIO+DEBATE25,XGB,26.3,7.35,0.8268533929909871,0.07739420212348384,0.8375,0.19955176379262737,0.36365079365079367,0.14468370711461515,19.14915898915899,18.014195135085654
v0_baseline,12,BIBLIO+DEBATE5,FFN,26.3,7.35,0.8075207185953669,0.08505245946839728,0.7083333333333333,0.22213082915965962,0.3148214285714286,0.14770959546993598,13.383297399767988,15.512164675214832
v0_baseline,12,BIBLIO+DEBATE5,GBT,26.3,7.35,0.880375500915269,0.05522815384219289,0.85,0.19421456754222644,0.37890873015873017,0.16091810126626432,23.307504347504345,20.989247869303647
v0_baseline,12,BIBLIO+DEBATE5,LogReg,26.3,7.35,0.8297893449062517,0.0737238247700242,0.65,0.24720661623652213,0.26942460317460315,0.100444031732906,9.505071677777561,14.21101273977841
v0_baseline,12,BIBLIO+DEBATE5,RF,26.3,7.35,0.8847022088846528,0.060691343059073394,0.8583333333333334,0.2113379821282925,0.3738492063492064,0.14146031694474068,21.547991267991268,16.003698452589724
v0_baseline,12,BIBLIO+DEBATE5,SVM,26.3,7.35,0.7990719383606801,0.08032228517514046,0.7666666666666666,0.2615741818902985,0.32432539682539685,0.1203766733563879,17.186188452070805,16.08771988559193
v0_baseline,12,BIBLIO+DEBATE5,XGB,26.3,7.35,0.8501898035847507,0.0509379881083908,0.9041666666666666,0.15120132970732486,0.39190476190476187,0.13391421532636374,22.634498834498835,17.28379982859917
v0_baseline,13,BIBLIO,FFN,71.45,6.55,0.7748003222489077,0.09616304582577041,0.30186507936507934,0.2145327214327191,0.3459920634920635,0.18896372417999507,10.419846509546803,13.353346417471453
v0_baseline,13,BIBLIO,GBT,71.45,6.55,0.7672810926830792,0.07544613540466122,0.30964285714285716,0.1828831581979395,0.35075396825396826,0.16209026569620788,8.614727330654933,8.06204705490321
v0_baseline,13,BIBLIO,LogReg,71.45,6.55,0.8459659587659626,0.06560271278344154,0.3929563492063492,0.18960574899821808,0.47422619047619047,0.18911601319964613,15.807627998350608,14.485860548547933
v0_baseline,13,BIBLIO,RF,71.45,6.55,0.8154388055268,0.05841471442834026,0.3506746031746032,0.18176331850239807,0.4131150793650794,0.1559496161172029,11.448268209691491,10.191436057377175
v0_baseline,13,BIBLIO,SVM,71.45,6.55,0.6081418664040661,0.12331290080251338,0.19365079365079366,0.13807411086814578,0.22267857142857142,0.17200424296530958,4.548852933181471,4.993517979816284
v0_baseline,13,BIBLIO,XGB,71.45,6.55,0.7179756461790423,0.09634304255285064,0.3,0.16677449072163308,0.33924603174603174,0.16473589738609676,7.346960363073724,4.174600412636941
v0_baseline,13,BIBLIO+DEBATE25,FFN,71.45,6.55,0.6912980190205424,0.12615475214863517,0.21301587301587302,0.13632291331095378,0.25315476190476194,0.16800367149660608,4.6521814446567955,3.127399838341199
v0_baseline,13,BIBLIO+DEBATE25,GBT,71.45,6.55,0.7628002335254433,0.066272537427692,0.28966269841269837,0.17633832875119124,0.3121031746031746,0.16657054056511164,7.224201722618835,6.8482828742988655
v0_baseline,13,BIBLIO+DEBATE25,LogReg,71.45,6.55,0.8404207018790251,0.06576682796807821,0.34402777777777777,0.1967031394545498,0.4001190476190476,0.15329116618816296,11.280608679070218,10.858956550053538
v0_baseline,13,BIBLIO+DEBATE25,RF,71.45,6.55,0.7991128513332791,0.06864752261378992,0.32551587301587304,0.1853153851679614,0.3698611111111111,0.1799314438109527,11.112861256938592,14.911790333505397
v0_baseline,13,BIBLIO+DEBATE25,SVM,71.45,6.55,0.6991241992895865,0.108970067025916,0.211984126984127,0.14972976944767355,0.25982142857142854,0.19259287888407825,5.492891464916232,5.387959046111726
v0_baseline,13,BIBLIO+DEBATE25,XGB,71.45,6.55,0.7165980030280934,0.07143687524950412,0.20317460317460317,0.12538717537395735,0.22281746031746033,0.14414873174739753,4.081359092549375,3.249541140304535
v0_baseline,13,BIBLIO+DEBATE5,FFN,71.45,6.55,0.8095941407124736,0.09240545044381267,0.38309523809523804,0.18658250522325812,0.4751984126984127,0.22853964479541367,16.558050636232455,15.925239274162792
v0_baseline,13,BIBLIO+DEBATE5,GBT,71.45,6.55,0.7524771485900132,0.07518132821841111,0.33734126984126983,0.16033916637591847,0.38160714285714287,0.12646754751444894,8.523991527767752,4.301323961734436
v0_baseline,13,BIBLIO+DEBATE5,LogReg,71.45,6.55,0.8449585292579764,0.06320242069763306,0.38067460317460317,0.19361206163875447,0.4497023809523809,0.1598608887629596,13.151251468034683,10.231810640556478
v0_baseline,13,BIBLIO+DEBATE5,RF,71.45,6.55,0.8139833460811283,0.06188580505246151,0.34567460317460313,0.16468291209910482,0.4058333333333334,0.1329768763754867,9.68693487812369,5.6070091970878675
v0_baseline,13,BIBLIO+DEBATE5,SVM,71.45,6.55,0.6793381065765305,0.14634594917753327,0.1965873015873016,0.13228859302158386,0.2615674603174603,0.23197427544889007,6.658460004311033,12.249779301531364
v0_baseline,13,BIBLIO+DEBATE5,XGB,71.45,6.55,0.7345521435139418,0.08107869462043855,0.23474206349206347,0.16380957415137523,0.25037698412698417,0.17537581927950988,5.187333865160855,4.27819345452668
v0_baseline,14,BIBLIO,FFN,39.3,3.9,0.7954319636611342,0.10186600236288287,0.3458333333333333,0.24278326435381084,0.3680952380952381,0.23407304364260864,10.550458782839735,9.633679695142657
v0_baseline,14,BIBLIO,GBT,39.3,3.9,0.8626913319711657,0.08607048643103235,0.4366666666666667,0.20423870909403452,0.48976190476190473,0.24347689853319956,21.5862824159967,33.26351809772389
v0_baseline,14,BIBLIO,LogReg,39.3,3.9,0.8263246943865674,0.09668867581517855,0.2991666666666667,0.23267293763227545,0.3238095238095238,0.2513147194190626,10.074743880458167,13.1177802578066
v0_baseline,14,BIBLIO,RF,39.3,3.9,0.8485055269584768,0.09610935224263133,0.4691666666666666,0.20979487336178854,0.5160714285714285,0.18010597952882082,19.214149659863946,15.94331774746935
v0_baseline,14,BIBLIO,SVM,39.3,3.9,0.7311381452557819,0.18609162112315664,0.29,0.2143533727774131,0.3355952380952381,0.24977430437670078,13.674792368125699,32.89081287109965
v0_baseline,14,BIBLIO,XGB,39.3,3.9,0.7958641389974439,0.11779140508152296,0.3816666666666667,0.22037315509240255,0.4234523809523809,0.22622051640645513,13.872894019560686,15.1717920389917
v0_baseline,14,BIBLIO+DEBATE25,FFN,39.3,3.9,0.6689992522371747,0.1785684488836947,0.24916666666666668,0.2184792601930511,0.25047619047619046,0.225699374527295,6.556779657732038,8.218304016019374
v0_baseline,14,BIBLIO+DEBATE25,GBT,39.3,3.9,0.8457421062513429,0.09085893475388289,0.42666666666666664,0.21523820613477748,0.45059523809523805,0.22003546866598256,15.003821067821068,13.311629637260014
v0_baseline,14,BIBLIO+DEBATE25,LogReg,39.3,3.9,0.8431943206376269,0.0911477534784721,0.37333333333333335,0.20415279222459684,0.3901190476190476,0.19507798771599924,10.657950937950938,9.532652109904632
v0_baseline,14,BIBLIO+DEBATE25,RF,39.3,3.9,0.850212465180307,0.08496467311005722,0.45666666666666667,0.1821252059525942,0.5060714285714286,0.16153110907927892,16.676825396825397,13.453376255253877
v0_baseline,14,BIBLIO+DEBATE25,SVM,39.3,3.9,0.7602262363857852,0.09522361394494222,0.23583333333333334,0.1918877443526515,0.25476190476190474,0.19103302067929404,5.210201791154172,4.656593757034514
v0_baseline,14,BIBLIO+DEBATE25,XGB,39.3,3.9,0.8041143278000197,0.069529334547867,0.31416666666666665,0.168522561697743,0.3630952380952381,0.20148852328338265,8.127447719828671,6.214861029018661
v0_baseline,14,BIBLIO+DEBATE5,FFN,39.3,3.9,0.7761521243097318,0.12877714467562434,0.3691666666666667,0.19302720772983428,0.3967857142857143,0.21477842964171312,11.842259327973613,13.233068983280342
v0_baseline,14,BIBLIO+DEBATE5,GBT,39.3,3.9,0.8671226323658289,0.08847443849616282,0.4491666666666667,0.21008735303780843,0.48392857142857143,0.22519550986466322,21.62419624819625,33.07913868194001
v0_baseline,14,BIBLIO+DEBATE5,LogReg,39.3,3.9,0.8426025748063417,0.0830108605345923,0.35333333333333333,0.23085146233199114,0.3704761904761905,0.21741710905030748,11.10093229521801,12.36644071956994
v0_baseline,14,BIBLIO+DEBATE5,RF,39.3,3.9,0.8475530685149909,0.09713388060222089,0.4841666666666667,0.21154368578180738,0.5327380952380952,0.19156934903869335,24.971428571428568,33.48275816552873
v0_baseline,14,BIBLIO+DEBATE5,SVM,39.3,3.9,0.7532691021696802,0.10296066289296908,0.3066666666666667,0.16783798927321208,0.33309523809523806,0.1680925401105484,7.525203050917336,7.370272958423393
v0_baseline,14,BIBLIO+DEBATE5,XGB,39.3,3.9,0.8096085137938314,0.07760700801077075,0.29166666666666663,0.17009629195844245,0.3367857142857143,0.20023031702116914,7.162445314826267,5.45429143527313
v0_baseline,GLOBAL,BIBLIO,FFN,1418.0,177.0,0.7102327720036239,0.022995033948832223,0.3214788732394366,0.029105540042862806,0.257909604519774,0.023350207266025522,4.182812875925362,0.6863567501496473
v0_baseline,GLOBAL,BIBLIO,GBT,1418.0,177.0,0.749597895810286,0.01674831980752555,0.3640845070422535,0.02555515431673095,0.292090395480226,0.02050187521455254,5.303954129433035,0.7274447056038919
v0_baseline,GLOBAL,BIBLIO,LogReg,1418.0,177.0,0.7312243634393623,0.01925447035104476,0.3232394366197183,0.03456788028870872,0.2593220338983051,0.02773242373444428,4.242389315424316,0.8018875562295432
v0_baseline,GLOBAL,BIBLIO,RF,1418.0,177.0,0.7533832293075113,0.01878713089937763,0.36795774647887325,0.02480622655823384,0.2951977401129944,0.01990104051564524,5.4161110195155855,0.71791991541836
v0_baseline,GLOBAL,BIBLIO,SVM,1418.0,177.0,0.647520224713986,0.0229807099828391,0.2545774647887324,0.033131696454815035,0.20423728813559322,0.02658023105414539,2.809444518584115,0.589301265295913
v0_baseline,GLOBAL,BIBLIO,XGB,1418.0,177.0,0.710706806521076,0.01811953154248958,0.351056338028169,0.02919508198657939,0.28163841807909606,0.02342204317567387,4.946280488359324,0.8006242668887371
v0_baseline,GLOBAL,BIBLIO+DEBATE25,FFN,1418.0,177.0,0.653175177663357,0.02671810988286409,0.24401408450704226,0.03042100797857831,0.19576271186440677,0.0244055544234922,2.618978435925522,0.4947260627494008
v0_baseline,GLOBAL,BIBLIO+DEBATE25,GBT,1418.0,177.0,0.7479203940689347,0.01582785013784651,0.3630281690140845,0.03267156675274189,0.29124293785310734,0.026211087451352248,5.30405091903809,0.9918919177475569
v0_baseline,GLOBAL,BIBLIO+DEBATE25,LogReg,1418.0,177.0,0.7324767706014377,0.01633591330675053,0.3154929577464789,0.02245631109920923,0.25310734463276835,0.01801579760501531,4.0237378513258255,0.5147748874373821
v0_baseline,GLOBAL,BIBLIO+DEBATE25,RF,1418.0,177.0,0.7515667609045011,0.01759218316244581,0.3658450704225352,0.028762738522685228,0.2935028248587571,0.023075191357182518,5.370037141491247,0.8767876292251744
v0_baseline,GLOBAL,BIBLIO+DEBATE25,SVM,1418.0,177.0,0.6569531132629509,0.018265340251537424,0.25880281690140844,0.029954095395190162,0.20762711864406777,0.02403096918710172,2.8779794371288765,0.5503861753628484
v0_baseline,GLOBAL,BIBLIO+DEBATE25,XGB,1418.0,177.0,0.7102623635941491,0.015947047590608186,0.31514084507042256,0.027877943926460914,0.2528248587570622,0.022365356144392372,4.031062193519291,0.6741363018325808
v0_baseline,GLOBAL,BIBLIO+DEBATE5,FFN,1418.0,177.0,0.7025505674756553,0.019290405945466004,0.31690140845070425,0.03365733457300664,0.2542372881355932,0.027001929431451667,4.090789110238467,0.8158204026614215
v0_baseline,GLOBAL,BIBLIO+DEBATE5,GBT,1418.0,177.0,0.7491122522842433,0.015215725262020245,0.3704225352112676,0.02061398973355597,0.29717514124293787,0.016537777074378236,5.478216190041309,0.6246830249704262
v0_baseline,GLOBAL,BIBLIO+DEBATE5,LogReg,1418.0,177.0,0.7357618924049769,0.017443149784050618,0.32640845070422536,0.031015805382861524,0.26186440677966105,0.024882736521843713,4.306652931745093,0.7110582708976987
v0_baseline,GLOBAL,BIBLIO+DEBATE5,RF,1418.0,177.0,0.7540588280819642,0.01786945608270062,0.3669014084507042,0.02692780637516331,0.29435028248587575,0.021603098899848527,5.396101743432034,0.8604594667801135
v0_baseline,GLOBAL,BIBLIO+DEBATE5,SVM,1418.0,177.0,0.6562948141875743,0.014999626052224711,0.2623239436619718,0.01963806078350719,0.21045197740112992,0.015754828425186558,2.92206603000768,0.36416947950023054
v0_baseline,GLOBAL,BIBLIO+DEBATE5,XGB,1418.0,177.0,0.7124933418921319,0.01617934888755363,0.3302816901408451,0.033727058669176455,0.26497175141242935,0.02705786627696642,4.417208310096182,0.8724835201852529
v2a_y_anchored,01,BIBLIO,FFN,563.2,88.85,0.7129324548837255,0.02382886268441228,0.3326209149444821,0.05137208641432211,0.21225325481529472,0.031045542523669353,3.2087950720847056,0.8111785068817203
v2a_y_anchored,01,BIBLIO,GBT,563.2,88.85,0.7370082335570236,0.0253504943518742,0.3789195672401962,0.056232747461816654,0.24215053268193798,0.03576201879882078,4.136443658060967,1.2542466087031094
v2a_y_anchored,01,BIBLIO,LogReg,563.2,88.85,0.7169428796333406,0.02160951529997011,0.3460789344794184,0.058346971933956784,0.22045692095844602,0.03248920784397952,3.458204775839852,0.9526436204058258
v2a_y_anchored,01,BIBLIO,RF,563.2,88.85,0.7454933014745886,0.020664614472215483,0.3631317609264202,0.06107415457914671,0.23154541919848737,0.034938537632656086,3.8030759867314856,1.1160105840372143
v2a_y_anchored,01,BIBLIO,SVM,563.2,88.85,0.6378652224382284,0.02886957452090649,0.3001721187982861,0.066164380574121,0.19121364275201969,0.03994962966276966,2.7452196366724606,1.0666038409986607
v2a_y_anchored,01,BIBLIO,XGB,563.2,88.85,0.6928872085898578,0.02558911879920565,0.37504562596968094,0.07003619010180863,0.23960307745062265,0.04414162453784404,4.1079699667429885,1.3573235807938206
v2a_y_anchored,01,BIBLIO+DEBATE25,FFN,563.2,88.85,0.6475787199062533,0.026094931911951356,0.29666166313641046,0.03527025108618595,0.18907106048544883,0.017432080391122488,2.5919694810184533,0.40941860352178905
v2a_y_anchored,01,BIBLIO+DEBATE25,GBT,563.2,88.85,0.7430668780140822,0.023677331592913985,0.3785254743243023,0.06592525870531382,0.2419759221413309,0.04313678680932602,4.195034141790776,1.5640982093556577
v2a_y_anchored,01,BIBLIO+DEBATE25,LogReg,563.2,88.85,0.7113957094887239,0.017308252812305996,0.34439370748521514,0.041997086302408004,0.22033612310119505,0.028721808984786733,3.413793166542015,0.8460378793761212
v2a_y_anchored,01,BIBLIO+DEBATE25,RF,563.2,88.85,0.7473941609622512,0.018386154117451415,0.3627456434581643,0.04999744422073997,0.23150020192734605,0.029000232484394112,3.7676154522480254,1.0699987414215948
v2a_y_anchored,01,BIBLIO+DEBATE25,SVM,563.2,88.85,0.6382191619188158,0.02628525790574719,0.2691348542755946,0.06805112644408212,0.17056422983429814,0.036642115727865646,2.2752455315472835,0.8279161441287409
v2a_y_anchored,01,BIBLIO+DEBATE25,XGB,563.2,88.85,0.7033734380681309,0.0306206655996794,0.3555048898814194,0.07713464096637446,0.226751116801921,0.04758645770759311,3.7369406841128994,1.3658040297772973
v2a_y_anchored,01,BIBLIO+DEBATE5,FFN,563.2,88.85,0.6951280989587646,0.025920110398823498,0.33289856243420113,0.0636101021535475,0.21199522096504114,0.03612468932728853,3.242192019924822,0.9727723014914321
v2a_y_anchored,01,BIBLIO+DEBATE5,GBT,563.2,88.85,0.744616012731047,0.02507851064027105,0.3767590228186789,0.06366260295249249,0.24026753420635272,0.03760771208240342,4.098943147439026,1.2728277458083324
v2a_y_anchored,01,BIBLIO+DEBATE5,LogReg,563.2,88.85,0.720835442773119,0.018515508972792392,0.3515483585321112,0.05137368278170622,0.22431114153437273,0.030502291793895242,3.548556285600624,0.9235640538868092
v2a_y_anchored,01,BIBLIO+DEBATE5,RF,563.2,88.85,0.7494402258920452,0.02000081943492139,0.35764463646429684,0.05935907173035916,0.22800956649073503,0.033614591052046644,3.6794586740824458,0.9736278391837107
v2a_y_anchored,01,BIBLIO+DEBATE5,SVM,563.2,88.85,0.6579504985488838,0.02346998844739887,0.29572703482729346,0.06468111188361335,0.18823037699305867,0.03764905310378674,2.6548450707342273,0.8795463581798684
v2a_y_anchored,01,BIBLIO+DEBATE5,XGB,563.2,88.85,0.7072247072958255,0.02848659629929667,0.34431910100485236,0.0674673720750505,0.2195927064938304,0.0406729250383426,3.4763095709826985,1.1472883301251933
v2a_y_anchored,03,BIBLIO,FFN,26.55,6.3,0.7525837991159949,0.1169312832346112,0.5458333333333333,0.2410306209466302,0.2950396825396825,0.17475346213038093,17.043822922175863,40.20790542713071
v2a_y_anchored,03,BIBLIO,GBT,26.55,6.3,0.7720438236579978,0.10792764207671701,0.5125,0.26802695814488076,0.26043650793650797,0.14096591710049547,7.738374319637478,12.69877461547219
v2a_y_anchored,03,BIBLIO,LogReg,26.55,6.3,0.7773862724308527,0.09897818852573229,0.5333333333333333,0.22196622681830047,0.2825992063492063,0.1453840082083601,6.573581181345887,5.668822054616839
v2a_y_anchored,03,BIBLIO,RF,26.55,6.3,0.7723326522466407,0.10084063537205509,0.4541666666666666,0.244044562606938,0.2390079365079365,0.16761184729066736,6.829087754350913,12.830593348421047
v2a_y_anchored,03,BIBLIO,SVM,26.55,6.3,0.7087854853996057,0.13134545730852823,0.4458333333333333,0.2977437082281902,0.23992063492063492,0.17646179821065708,8.625725899372958,15.714918145452874
v2a_y_anchored,03,BIBLIO,XGB,26.55,6.3,0.7185978080315216,0.14118961744094663,0.6208333333333333,0.30285556165946526,0.31819444444444445,0.15825106661316762,15.288822976587682,19.484300394070587
v2a_y_anchored,03,BIBLIO+DEBATE25,FFN,26.55,6.3,0.6981011575370337,0.11700088763637713,0.3958333333333333,0.22110005408893196,0.20396825396825397,0.11023463831758518,3.661951547363312,3.5668072790825303
v2a_y_anchored,03,BIBLIO+DEBATE25,GBT,26.55,6.3,0.7895441662203213,0.10220212051806592,0.525,0.2731931604633919,0.2810714285714285,0.18848413121417795,10.041639124549341,15.014944215367544
v2a_y_anchored,03,BIBLIO+DEBATE25,LogReg,26.55,6.3,0.7502679175402187,0.10053693226674719,0.47916666666666663,0.2795084971874737,0.24378968253968253,0.14966874057672416,6.615057932321091,8.340844152888913
v2a_y_anchored,03,BIBLIO+DEBATE25,RF,26.55,6.3,0.7308794743738921,0.10642120588930702,0.39166666666666666,0.29875472542691656,0.20236111111111113,0.16025967732707075,5.416296148296149,7.712365914856383
v2a_y_anchored,03,BIBLIO+DEBATE25,SVM,26.55,6.3,0.7217009028713648,0.13196027007300903,0.3833333333333333,0.2929483119089311,0.19839285714285712,0.1800830144903047,6.575554483487257,13.304170278517438
v2a_y_anchored,03,BIBLIO+DEBATE25,XGB,26.55,6.3,0.7417136750963379,0.11447260804436966,0.5041666666666667,0.20497289793748072,0.2631547619047619,0.12343981138883423,6.370261746967629,7.923706412253055
v2a_y_anchored,03,BIBLIO+DEBATE5,FFN,26.55,6.3,0.7266409035833965,0.10981412931690819,0.5208333333333333,0.21608389912714063,0.2783730158730159,0.12852265414572484,7.494653050653051,12.068245863152434
v2a_y_anchored,03,BIBLIO+DEBATE5,GBT,26.55,6.3,0.7890913971789801,0.10349611663977083,0.5333333333333333,0.32489314482696546,0.26924603174603173,0.17760256518989828,11.429949411212569,15.794967758480075
v2a_y_anchored,03,BIBLIO+DEBATE5,LogReg,26.55,6.3,0.7615541382492157,0.10203378152182999,0.4916666666666666,0.26476846334351556,0.2637103174603174,0.17448016642763386,7.682286181196398,9.230736801398283
v2a_y_anchored,03,BIBLIO+DEBATE5,RF,26.55,6.3,0.7577257634680483,0.11294870268754068,0.4208333333333333,0.261399461289753,0.21734126984126984,0.1502655914741088,5.184956820956821,7.215307186064971
v2a_y_anchored,03,BIBLIO+DEBATE5,SVM,26.55,6.3,0.7239691768294818,0.12316879278407851,0.35416666666666663,0.27289197357153266,0.19293650793650793,0.1826413396059252,11.251624783557556,39.067064822355086
v2a_y_anchored,03,BIBLIO+DEBATE5,XGB,26.55,6.3,0.7263334000657683,0.10716732309804455,0.5083333333333333,0.2520384728823469,0.2574801587301587,0.1286885196448476,6.643550624813782,7.771989346765827
v2a_y_anchored,07,BIBLIO,FFN,60.55,7.95,0.7154083470683379,0.0966348156261811,0.35285714285714287,0.16746247528968033,0.2993961593961594,0.12787082503984937,6.247999603911329,4.41758020873239
v2a_y_anchored,07,BIBLIO,GBT,60.55,7.95,0.7261452116370968,0.0847681505419967,0.30476190476190473,0.1670421834776647,0.2498074148074148,0.14271622850368137,4.912692149519533,3.888072668729373
v2a_y_anchored,07,BIBLIO,LogReg,60.55,7.95,0.7533263763647514,0.07215454728211777,0.29928571428571427,0.11657353963066283,0.25751068376068376,0.10281104513053663,4.4018002654553925,2.843129779632485
v2a_y_anchored,07,BIBLIO,RF,60.55,7.95,0.7320492029017399,0.07010238845064033,0.2861904761904762,0.13611403992747306,0.24904983904983907,0.12021039155551683,4.277647019523657,2.698472337244798
v2a_y_anchored,07,BIBLIO,SVM,60.55,7.95,0.5983145065229338,0.1187191183923691,0.2583333333333333,0.17449824066376365,0.2070555833055833,0.14494977215556476,3.904226594119398,3.290894447212966
v2a_y_anchored,07,BIBLIO,XGB,60.55,7.95,0.676428224679494,0.0777905395664123,0.2583333333333333,0.16823022404613058,0.21077422577422578,0.13564510595618573,3.836853082803273,3.2054623729385368
v2a_y_anchored,07,BIBLIO+DEBATE25,FFN,60.55,7.95,0.6173652490533367,0.08989865533843504,0.20714285714285713,0.11434313511547932,0.18605810855810856,0.1218141488729277,2.903856245537253,2.2616792592740875
v2a_y_anchored,07,BIBLIO+DEBATE25,GBT,60.55,7.95,0.7342271750820799,0.07741696607522532,0.2988095238095238,0.1542018011850763,0.2604688367188367,0.12938928875002598,4.670578853198525,2.7805253032811392
v2a_y_anchored,07,BIBLIO+DEBATE25,LogReg,60.55,7.95,0.7343157471501952,0.07364412552402849,0.30214285714285716,0.13628556716731496,0.2556636419136419,0.12262634082568159,4.577538543357389,3.181947707612986
v2a_y_anchored,07,BIBLIO+DEBATE25,RF,60.55,7.95,0.7296711949346386,0.06076372183881517,0.29761904761904756,0.18091610241792955,0.24889832389832386,0.12506381247038575,4.79784685790719,4.123330025795923
v2a_y_anchored,07,BIBLIO+DEBATE25,SVM,60.55,7.95,0.6324618803780643,0.11626781512965079,0.2480952380952381,0.16120962373734163,0.19528485403485402,0.12514211679144005,3.424039514567707,2.5631753043702608
v2a_y_anchored,07,BIBLIO+DEBATE25,XGB,60.55,7.95,0.6979396977533557,0.07580287136022631,0.2214285714285714,0.13971054249572298,0.19224247974247974,0.11774648559843791,3.058663550674347,2.3032334755148027
v2a_y_anchored,07,BIBLIO+DEBATE5,FFN,60.55,7.95,0.7002886323783732,0.088738055670522,0.3,0.1878579449239733,0.2359221334221334,0.1339012979357338,4.64529762270705,3.6813632964797787
v2a_y_anchored,07,BIBLIO+DEBATE5,GBT,60.55,7.95,0.738910433277314,0.07965685050042237,0.3357142857142857,0.1390254728819039,0.2904273504273504,0.11307540037381077,5.394567579172138,3.0653506675407285
v2a_y_anchored,07,BIBLIO+DEBATE5,LogReg,60.55,7.95,0.7435298568907054,0.07210166214198052,0.31476190476190474,0.1582357379128826,0.2638616938616939,0.1260489139693598,5.014784382485582,3.5973416457380583
v2a_y_anchored,07,BIBLIO+DEBATE5,RF,60.55,7.95,0.7312531395210515,0.06869658492831607,0.3230952380952381,0.16061906582346663,0.2727078477078477,0.11484318820714033,5.270127755162287,4.027831534434465
v2a_y_anchored,07,BIBLIO+DEBATE5,SVM,60.55,7.95,0.6048275851704481,0.11286068111924939,0.22261904761904763,0.20103488667240457,0.1759625097125097,0.15597951900865886,3.7840407609650804,4.612642176947293
v2a_y_anchored,07,BIBLIO+DEBATE5,XGB,60.55,7.95,0.6979736220213012,0.08328065074835903,0.2702380952380952,0.16787513901290937,0.23802294927294926,0.15919030223027297,4.664051881717993,4.834078641649148
v2a_y_anchored,08,BIBLIO,FFN,251.3,19.45,0.6578594480166683,0.061113469098109906,0.19377136752136753,0.07320474266698443,0.2638573627300744,0.0972985200619209,4.238744338638912,2.4357716295635927
v2a_y_anchored,08,BIBLIO,GBT,251.3,19.45,0.6896075460739554,0.06343134654383228,0.2251331908831909,0.08015783671298721,0.3003490947140833,0.09421124944441978,5.172178244679519,2.7730908289231238
v2a_y_anchored,08,BIBLIO,LogReg,251.3,19.45,0.6531390168674633,0.06746778876337214,0.16058190883190884,0.062362596299361556,0.216906132927586,0.08109022776712073,3.1255994806788157,1.7789672065519022
v2a_y_anchored,08,BIBLIO,RF,251.3,19.45,0.6827066205241739,0.05980344212440712,0.21348789173789173,0.08950077616340422,0.2787766620298085,0.08540568189452444,4.605604244617749,2.3194352589894702
v2a_y_anchored,08,BIBLIO,SVM,251.3,19.45,0.6554830518426173,0.05023942824564394,0.176511396011396,0.07205497682289458,0.24076366844444647,0.09983788463704692,3.6962564927897907,2.118593216549093
v2a_y_anchored,08,BIBLIO,XGB,251.3,19.45,0.6727616417977276,0.07903727675224508,0.23658760683760685,0.09189566087782311,0.3144025369176971,0.10635891699296285,5.747123034423425,3.3843207046713055
v2a_y_anchored,08,BIBLIO+DEBATE25,FFN,251.3,19.45,0.6263841722600482,0.06933790628912208,0.15836894586894587,0.06154475007508028,0.2193176937478997,0.10377928565424274,3.3115146451140105,2.5808235629403136
v2a_y_anchored,08,BIBLIO+DEBATE25,GBT,251.3,19.45,0.6793088328539701,0.06440869889684886,0.2014757834757835,0.06004707729826031,0.27237835568956853,0.07602200360645402,4.250272363006089,1.7870195711398684
v2a_y_anchored,08,BIBLIO+DEBATE25,LogReg,251.3,19.45,0.6534863834694884,0.06530432037301534,0.14103205128205126,0.05022702067828089,0.19321510256207053,0.07297578422300534,2.630793498277204,1.364610704526687
v2a_y_anchored,08,BIBLIO+DEBATE25,RF,251.3,19.45,0.6843005355516728,0.05764279735119283,0.20757051282051284,0.06609936320505616,0.2817694156529969,0.09598359406853217,4.587476335834905,2.3152048629894453
v2a_y_anchored,08,BIBLIO+DEBATE25,SVM,251.3,19.45,0.6484084008734893,0.0629359907322885,0.16686680911680912,0.0742601390020063,0.217646055158927,0.07510118789284087,3.1299667811939385,1.3366740309942002
v2a_y_anchored,08,BIBLIO+DEBATE25,XGB,251.3,19.45,0.6947209179372275,0.06741633358123561,0.21126851851851852,0.07850816357804204,0.2863234515929024,0.10234325404547273,4.836149189756788,2.781597742185978
v2a_y_anchored,08,BIBLIO+DEBATE5,FFN,251.3,19.45,0.6385798477798219,0.06018954456085464,0.17029772079772082,0.04803772601164015,0.23476163123045274,0.07827885887736101,3.398207517633699,1.553183300678414
v2a_y_anchored,08,BIBLIO+DEBATE5,GBT,251.3,19.45,0.6833197451376312,0.06450598541060837,0.21734045584045583,0.0705478053589706,0.2891153051118726,0.07710982355797243,4.731069888901961,2.125537975374937
v2a_y_anchored,08,BIBLIO+DEBATE5,LogReg,251.3,19.45,0.6585092417155294,0.06570945310231854,0.13540527065527067,0.05067128680140641,0.1839591910441453,0.07138808102348193,2.475305715113164,1.3244919675106186
v2a_y_anchored,08,BIBLIO+DEBATE5,RF,251.3,19.45,0.6831012903699636,0.05954660692665092,0.20932122507122508,0.07407401197198571,0.28154476530334654,0.0913334501231177,4.598666890936817,2.231830202684543
v2a_y_anchored,08,BIBLIO+DEBATE5,SVM,251.3,19.45,0.6478930024474138,0.047308482605711695,0.17274287749287748,0.06923571508148135,0.23832622808795575,0.11070957858393934,3.7192663721714396,2.562991987571532
v2a_y_anchored,08,BIBLIO+DEBATE5,XGB,251.3,19.45,0.6890442735190226,0.07463766827742199,0.2216659544159544,0.07033234407105399,0.30474938534006035,0.11236175844876885,5.412648663878441,3.4702943667168284
v2a_y_anchored,09,BIBLIO,FFN,427.7,40.7,0.6332027184351908,0.04439652812760642,0.1758229661531839,0.03367139764146268,0.18694744235146088,0.03301954214809563,2.396608619357771,0.6129030351697752
v2a_y_anchored,09,BIBLIO,GBT,427.7,40.7,0.7029594074498993,0.03325194003346573,0.246844110044189,0.046468417419964304,0.2630006028629409,0.048823745547832816,4.07058597495481,1.1499461183877575
v2a_y_anchored,09,BIBLIO,LogReg,427.7,40.7,0.6778643750781173,0.04381910717518788,0.19449103665822945,0.04108115057687631,0.20674925690714768,0.040275777245450464,2.7843455021707655,0.7659131268249922
v2a_y_anchored,09,BIBLIO,RF,427.7,40.7,0.6928392398892074,0.0380439512137261,0.24094252408421685,0.047050340938470235,0.2552608452005683,0.04168199621297121,3.8631397442390094,0.9938388288288954
v2a_y_anchored,09,BIBLIO,SVM,427.7,40.7,0.5963374829374695,0.04389732183811731,0.17379237017390856,0.03381905822370846,0.1859282888399686,0.04047955216494059,2.390542679486722,0.7498942126667476
v2a_y_anchored,09,BIBLIO,XGB,427.7,40.7,0.6749093879958904,0.03627522606891995,0.24604188198789792,0.06047957011791365,0.26158390468468945,0.06075767590118607,4.117182968365222,1.5049702115890906
v2a_y_anchored,09,BIBLIO+DEBATE25,FFN,427.7,40.7,0.6268533047792544,0.033126858041845154,0.1493422099861223,0.04535637642769007,0.15810487828906503,0.043776287425695545,1.9426943244970036,0.6695133467138856
v2a_y_anchored,09,BIBLIO+DEBATE25,GBT,427.7,40.7,0.7013177171073661,0.035043548022673295,0.22473217028107406,0.03516736086140596,0.24040119405378352,0.043348294519820196,3.4930921268299393,0.963815606724
v2a_y_anchored,09,BIBLIO+DEBATE25,LogReg,427.7,40.7,0.6868818656798423,0.04164982146540374,0.20603621544304423,0.04751547392695709,0.22059327289192385,0.05414680240668511,3.108720502209481,1.1076505512926815
v2a_y_anchored,09,BIBLIO+DEBATE25,RF,427.7,40.7,0.6947395765366802,0.037115231390564905,0.23359170946935132,0.039196011134599,0.2487873339493135,0.04121537779646295,3.6925085442652685,0.9940323849066195
v2a_y_anchored,09,BIBLIO+DEBATE25,SVM,427.7,40.7,0.6333734194670547,0.03594291989683969,0.15359267911550337,0.05023521328615124,0.16205604636904664,0.04586737912559102,2.0176036467993894,0.7439866899630869
v2a_y_anchored,09,BIBLIO+DEBATE25,XGB,427.7,40.7,0.6746761372335184,0.02812039658671449,0.2248984673985907,0.04154570673396804,0.2392022427279735,0.0407689041831615,3.4696724954330604,0.8982421790746627
v2a_y_anchored,09,BIBLIO+DEBATE5,FFN,427.7,40.7,0.6307886464316427,0.04378920551008009,0.18903086389306764,0.05116649742397679,0.20257442526899502,0.05708288610552972,2.7613416476919763,1.0877598684624188
v2a_y_anchored,09,BIBLIO+DEBATE5,GBT,427.7,40.7,0.6930023550243742,0.03468752000522578,0.2363863081479422,0.041059085756005254,0.2528561938007213,0.04913977172247037,3.8146405310745295,1.1671153425694536
v2a_y_anchored,09,BIBLIO+DEBATE5,LogReg,427.7,40.7,0.6889537752314141,0.0407932862040302,0.20243095334712882,0.04268987381522579,0.21744008790842587,0.05323685254635532,3.0328709901242896,1.0777843605064095
v2a_y_anchored,09,BIBLIO+DEBATE5,RF,427.7,40.7,0.6925932243051897,0.04045698736119105,0.24432132055717098,0.04256248679474405,0.2596498174790395,0.04108354079580936,3.9604510972890155,1.0040909447422073
v2a_y_anchored,09,BIBLIO+DEBATE5,SVM,427.7,40.7,0.6010261466750626,0.036091015850959515,0.1786059627072969,0.034098444006260664,0.19064309021099796,0.03772763877251528,2.4698883310235566,0.6733687646386659
v2a_y_anchored,09,BIBLIO+DEBATE5,XGB,427.7,40.7,0.6680578932829193,0.037813310893595097,0.243087179596403,0.051540357421996585,0.2586642647011234,0.050946063364809224,3.978030649481724,1.1867580737169559
v2a_y_anchored,12,BIBLIO,FFN,26.3,7.35,0.8273136302953489,0.08356896679351963,0.8041666666666666,0.22503248628373848,0.338015873015873,0.11543377282359459,15.809134569134567,14.559964170512156
v2a_y_anchored,12,BIBLIO,GBT,26.3,7.35,0.871226449925316,0.05353358898450764,0.85,0.19421456754222646,0.37890873015873017,0.16091810126626432,23.392974432974434,21.003559670570606
v2a_y_anchored,12,BIBLIO,LogReg,26.3,7.35,0.858895781172383,0.07198698276948688,0.6083333333333333,0.21814609622508863,0.256984126984127,0.10353812637381823,8.386437249025485,14.240139781532905
v2a_y_anchored,12,BIBLIO,RF,26.3,7.35,0.8855615501797525,0.059094867762912846,0.875,0.17832062587943967,0.3809920634920635,0.13250609257249074,21.78966958966959,15.726816456574872
v2a_y_anchored,12,BIBLIO,SVM,26.3,7.35,0.7915527388088298,0.11038271108624804,0.8166666666666667,0.22229530961845007,0.3593253968253968,0.14751118376687145,20.178992684875038,16.550669336516744
v2a_y_anchored,12,BIBLIO,XGB,26.3,7.35,0.8341132406250441,0.06297444360021606,0.925,0.190988502761644,0.4041071428571429,0.1524722055047603,28.53722721722722,19.065733716382514
v2a_y_anchored,12,BIBLIO+DEBATE25,FFN,26.3,7.35,0.7460638581663198,0.12309357682873395,0.6958333333333333,0.24374484549955583,0.2876785714285714,0.08532969691347657,9.562120128237776,8.799673140454162
v2a_y_anchored,12,BIBLIO+DEBATE25,GBT,26.3,7.35,0.898116944582628,0.04443435154460157,0.9,0.15672078199387576,0.3877380952380952,0.11984700285600491,22.034114034114033,14.93903934252611
v2a_y_anchored,12,BIBLIO+DEBATE25,LogReg,26.3,7.35,0.8539047801899968,0.08364837621770113,0.6416666666666666,0.28369430050734346,0.2658134920634921,0.1029246598998207,7.943474792837021,6.520892082311373
v2a_y_anchored,12,BIBLIO+DEBATE25,RF,26.3,7.35,0.89665576726522,0.04775333543783971,0.8583333333333334,0.1815704718761009,0.3726587301587302,0.1298418072983098,20.26374366374366,15.65371964313759
v2a_y_anchored,12,BIBLIO+DEBATE25,SVM,26.3,7.35,0.7946989693817497,0.07562862961902268,0.7333333333333333,0.27252340422054255,0.30718253968253967,0.12482546061872282,15.903860583860583,17.1970607466816
v2a_y_anchored,12,BIBLIO+DEBATE25,XGB,26.3,7.35,0.8330870920744052,0.07516393950665687,0.8958333333333334,0.16857460562261067,0.3952380952380953,0.1502990613841808,25.34071854071854,20.38298780602556
v2a_y_anchored,12,BIBLIO+DEBATE5,FFN,26.3,7.35,0.8188836810387405,0.07996383531323185,0.7291666666666667,0.26055917153565145,0.3149801587301587,0.14847974458263793,14.713493321493322,16.51303923774258
v2a_y_anchored,12,BIBLIO+DEBATE5,GBT,26.3,7.35,0.8920325996327225,0.03913969713009963,0.9083333333333334,0.1664472239557425,0.39438492063492064,0.12692206052884095,24.432715432715433,15.105655755922932
v2a_y_anchored,12,BIBLIO+DEBATE5,LogReg,26.3,7.35,0.8640338354910471,0.07786455927418827,0.6583333333333333,0.27426136848928256,0.27206349206349206,0.0975803592399371,8.137115818478048,6.3798324770230215
v2a_y_anchored,12,BIBLIO+DEBATE5,RF,26.3,7.35,0.891308879919418,0.0489841570090555,0.8583333333333334,0.1815704718761009,0.3726587301587302,0.1298418072983098,20.26374366374366,15.65371964313759
v2a_y_anchored,12,BIBLIO+DEBATE5,SVM,26.3,7.35,0.8082435246974973,0.0751430682332232,0.75,0.2783619588179374,0.3266865079365079,0.15815538557463651,18.25055284584696,17.37144340695268
v2a_y_anchored,12,BIBLIO+DEBATE5,XGB,26.3,7.35,0.8629816563043529,0.05123593040378885,0.8583333333333334,0.2113379821282925,0.38121031746031747,0.16143545072864032,24.426764346764347,20.906956057103525
v2a_y_anchored,13,BIBLIO,FFN,71.45,6.55,0.7748003222489077,0.09616304582577041,0.30186507936507934,0.2145327214327191,0.3459920634920635,0.18896372417999507,10.419846509546803,13.353346417471453
v2a_y_anchored,13,BIBLIO,GBT,71.45,6.55,0.7672810926830792,0.07544613540466122,0.30964285714285716,0.1828831581979395,0.35075396825396826,0.16209026569620788,8.614727330654933,8.06204705490321
v2a_y_anchored,13,BIBLIO,LogReg,71.45,6.55,0.8459659587659626,0.06560271278344154,0.3929563492063492,0.18960574899821808,0.47422619047619047,0.18911601319964613,15.807627998350608,14.485860548547933
v2a_y_anchored,13,BIBLIO,RF,71.45,6.55,0.8154388055268,0.05841471442834026,0.3506746031746032,0.18176331850239807,0.4131150793650794,0.1559496161172029,11.448268209691491,10.191436057377175
v2a_y_anchored,13,BIBLIO,SVM,71.45,6.55,0.6081418664040661,0.12331290080251338,0.19365079365079366,0.13807411086814578,0.22267857142857142,0.17200424296530958,4.548852933181471,4.993517979816284
v2a_y_anchored,13,BIBLIO,XGB,71.45,6.55,0.7179756461790423,0.09634304255285064,0.3,0.16677449072163308,0.33924603174603174,0.16473589738609676,7.346960363073724,4.174600412636941
v2a_y_anchored,13,BIBLIO+DEBATE25,FFN,71.45,6.55,0.7217222769682425,0.07172423793785003,0.21789682539682537,0.10689751141251241,0.2590674603174603,0.12274765778571028,4.367498958976782,2.4672140576082295
v2a_y_anchored,13,BIBLIO+DEBATE25,GBT,71.45,6.55,0.7755747800736141,0.0779621911522873,0.33285714285714285,0.19395145763772828,0.3553373015873016,0.156409385165529,9.192357517644231,8.155128886272424
v2a_y_anchored,13,BIBLIO+DEBATE25,LogReg,71.45,6.55,0.8462137314583785,0.06015957022592442,0.358531746031746,0.16989413425514452,0.4286706349206349,0.14548861274449632,11.06607294285616,8.54215719619687
v2a_y_anchored,13,BIBLIO+DEBATE25,RF,71.45,6.55,0.8196189132570242,0.06963182808962064,0.36371031746031746,0.17715611386954583,0.4282539682539682,0.14235463462486156,11.516825195007012,8.445948068133822
v2a_y_anchored,13,BIBLIO+DEBATE25,SVM,71.45,6.55,0.6971773195510361,0.09551817254562102,0.19331349206349208,0.12872638298762334,0.21454365079365081,0.14501527496696298,3.812938774567474,2.603154229026307
v2a_y_anchored,13,BIBLIO+DEBATE25,XGB,71.45,6.55,0.7321428225845319,0.09738053754420302,0.26248015873015873,0.20874760795490635,0.26674603174603173,0.16065703880534354,6.516924074082445,7.846242483790913
v2a_y_anchored,13,BIBLIO+DEBATE5,FFN,71.45,6.55,0.7774261894556729,0.0879897557254635,0.3200793650793651,0.1594509740330922,0.37716269841269845,0.204081121515949,10.321763192690932,12.327519465565192
v2a_y_anchored,13,BIBLIO+DEBATE5,GBT,71.45,6.55,0.7756826978507917,0.07126647715506101,0.34462301587301586,0.18411192588693395,0.3877777777777778,0.15689591831129712,9.931414739107046,7.35938390922913
v2a_y_anchored,13,BIBLIO+DEBATE5,LogReg,71.45,6.55,0.8526274634909818,0.06388212220744433,0.3852579365079365,0.18337601602727266,0.46922619047619046,0.19398708743359225,15.089655286438504,14.257020535159041
v2a_y_anchored,13,BIBLIO+DEBATE5,RF,71.45,6.55,0.8176747671468299,0.06488505656719559,0.3764087301587301,0.1753524722591327,0.44803571428571426,0.15197169194043308,12.964761128537353,10.61819862005318
v2a_y_anchored,13,BIBLIO+DEBATE5,SVM,71.45,6.55,0.6145333966051585,0.1311295551460423,0.1416468253968254,0.13534458890385814,0.1628174603174603,0.16702616179844307,3.3132425994793224,4.307880911300831
v2a_y_anchored,13,BIBLIO+DEBATE5,XGB,71.45,6.55,0.7313573834623355,0.08423692928473876,0.31202380952380954,0.19173284037485966,0.3470833333333333,0.15198678673256347,8.589895478259114,8.091767228493442
v2a_y_anchored,14,BIBLIO,FFN,39.3,3.9,0.7954319636611342,0.10186600236288287,0.3458333333333333,0.24278326435381084,0.3680952380952381,0.23407304364260864,10.550458782839735,9.633679695142657
v2a_y_anchored,14,BIBLIO,GBT,39.3,3.9,0.8626913319711657,0.08607048643103235,0.4366666666666667,0.20423870909403452,0.48976190476190473,0.24347689853319956,21.5862824159967,33.26351809772389
v2a_y_anchored,14,BIBLIO,LogReg,39.3,3.9,0.8263246943865674,0.09668867581517855,0.2991666666666667,0.23267293763227545,0.3238095238095238,0.2513147194190626,10.074743880458167,13.1177802578066
v2a_y_anchored,14,BIBLIO,RF,39.3,3.9,0.8485055269584768,0.09610935224263133,0.4691666666666666,0.20979487336178854,0.5160714285714285,0.18010597952882082,19.214149659863946,15.94331774746935
v2a_y_anchored,14,BIBLIO,SVM,39.3,3.9,0.7311381452557819,0.18609162112315664,0.29,0.2143533727774131,0.3355952380952381,0.24977430437670078,13.674792368125699,32.89081287109965
v2a_y_anchored,14,BIBLIO,XGB,39.3,3.9,0.7958641389974439,0.11779140508152296,0.3816666666666667,0.22037315509240255,0.4234523809523809,0.22622051640645513,13.872894019560686,15.1717920389917
v2a_y_anchored,14,BIBLIO+DEBATE25,FFN,39.3,3.9,0.7263335063090243,0.1443595783285307,0.25416666666666665,0.21904063816924615,0.2763095238095238,0.27480691721138534,12.815324287705241,33.20528794581259
v2a_y_anchored,14,BIBLIO+DEBATE25,GBT,39.3,3.9,0.8743341080317208,0.07480658873505977,0.45916666666666667,0.21787617868818537,0.5035714285714286,0.20273888442326646,23.129977324263038,33.2841856043838
v2a_y_anchored,14,BIBLIO+DEBATE25,LogReg,39.3,3.9,0.8398818551020328,0.0856157696826727,0.36333333333333334,0.2333082693305398,0.4113095238095238,0.25402697146517705,17.597794797794798,33.47492030901016
v2a_y_anchored,14,BIBLIO+DEBATE25,RF,39.3,3.9,0.8530848263630425,0.0817307571727443,0.44416666666666665,0.18749463929958604,0.4935714285714286,0.17139741432259745,16.1318820861678,13.274775092561304
v2a_y_anchored,14,BIBLIO+DEBATE25,SVM,39.3,3.9,0.7391170727431773,0.10909594498244626,0.17250000000000001,0.1929514528525109,0.19464285714285715,0.19514160308862158,4.6302911902911905,6.856444362009697
v2a_y_anchored,14,BIBLIO+DEBATE25,XGB,39.3,3.9,0.8208430018805494,0.10243731880020733,0.3983333333333333,0.25246735646786367,0.4502380952380952,0.2535732229571631,19.600766485718868,32.650086755463626
v2a_y_anchored,14,BIBLIO+DEBATE5,FFN,39.3,3.9,0.7649861474229048,0.13543664372470102,0.2941666666666667,0.1744058418196441,0.3134523809523809,0.18403792443997968,7.059230857326095,7.558572269345682
v2a_y_anchored,14,BIBLIO+DEBATE5,GBT,39.3,3.9,0.8710944125226933,0.07382793220553376,0.4616666666666666,0.2004454104565615,0.5114285714285713,0.20243269278161236,23.540589569160996,33.908683743286396
v2a_y_anchored,14,BIBLIO+DEBATE5,LogReg,39.3,3.9,0.832149900951608,0.09048172853439862,0.32416666666666666,0.22559051813262238,0.35297619047619044,0.2560904797346385,11.115081955081955,13.211018340529654
v2a_y_anchored,14,BIBLIO+DEBATE5,RF,39.3,3.9,0.8626230705887643,0.08599842989122093,0.49416666666666664,0.21208206234755128,0.5410714285714285,0.1898719661452614,25.953469387755103,33.452835819090986
v2a_y_anchored,14,BIBLIO+DEBATE5,SVM,39.3,3.9,0.7761478264141973,0.10287467174787049,0.3025,0.18671326172841382,0.34226190476190477,0.21322891034339095,8.063263015643967,6.665446610070775
v2a_y_anchored,14,BIBLIO+DEBATE5,XGB,39.3,3.9,0.8125157912438394,0.07688122760057203,0.32,0.18666040089734592,0.37476190476190474,0.2026533622934403,9.235656336608717,8.176308278778366
v2a_y_anchored,GLOBAL,BIBLIO,FFN,1418.0,177.0,0.7102327720036239,0.022995033948832223,0.3214788732394366,0.029105540042862806,0.257909604519774,0.023350207266025522,4.182812875925362,0.6863567501496473
v2a_y_anchored,GLOBAL,BIBLIO,GBT,1418.0,177.0,0.749597895810286,0.01674831980752555,0.3640845070422535,0.02555515431673095,0.292090395480226,0.02050187521455254,5.303954129433035,0.7274447056038919
v2a_y_anchored,GLOBAL,BIBLIO,LogReg,1418.0,177.0,0.7312243634393623,0.01925447035104476,0.3232394366197183,0.03456788028870872,0.2593220338983051,0.02773242373444428,4.242389315424316,0.8018875562295432
v2a_y_anchored,GLOBAL,BIBLIO,RF,1418.0,177.0,0.7533832293075113,0.01878713089937763,0.36795774647887325,0.02480622655823384,0.2951977401129944,0.01990104051564524,5.4161110195155855,0.71791991541836
v2a_y_anchored,GLOBAL,BIBLIO,SVM,1418.0,177.0,0.647520224713986,0.0229807099828391,0.2545774647887324,0.033131696454815035,0.20423728813559322,0.02658023105414539,2.809444518584115,0.589301265295913
v2a_y_anchored,GLOBAL,BIBLIO,XGB,1418.0,177.0,0.710706806521076,0.01811953154248958,0.351056338028169,0.02919508198657939,0.28163841807909606,0.02342204317567387,4.946280488359324,0.8006242668887371
v2a_y_anchored,GLOBAL,BIBLIO+DEBATE25,FFN,1418.0,177.0,0.6566287439052705,0.022024684438383374,0.25316901408450704,0.02659374087914499,0.2031073446327684,0.02133509155276039,2.7698190221935954,0.4627279327205588
v2a_y_anchored,GLOBAL,BIBLIO+DEBATE25,GBT,1418.0,177.0,0.7505173975789526,0.017366455806792965,0.3686619718309859,0.033910364494325725,0.2957627118644068,0.02720492518753814,5.4759500724227905,1.0276770179421024
v2a_y_anchored,GLOBAL,BIBLIO+DEBATE25,LogReg,1418.0,177.0,0.7288037713343986,0.01644588941604054,0.3158450704225352,0.022879482034559806,0.2533898305084746,0.018355290671793745,4.033249391863995,0.5332095868437661
v2a_y_anchored,GLOBAL,BIBLIO+DEBATE25,RF,1418.0,177.0,0.7522378071265655,0.01712128470536217,0.35809859154929574,0.031764183331154015,0.2872881355932203,0.02548313013007837,5.155371169371425,0.9152260910326103
v2a_y_anchored,GLOBAL,BIBLIO+DEBATE25,SVM,1418.0,177.0,0.6576573931174513,0.018355293892820118,0.2443661971830986,0.032400811554627935,0.196045197740113,0.025993871416707157,2.6301920964576,0.5466747087425718
v2a_y_anchored,GLOBAL,BIBLIO+DEBATE25,XGB,1418.0,177.0,0.7162992756889149,0.015775467501121392,0.3257042253521127,0.02362043638204002,0.2612994350282486,0.018949728622879573,4.2705646207821735,0.5836426088187278
v2a_y_anchored,GLOBAL,BIBLIO+DEBATE5,FFN,1418.0,177.0,0.6964549274550776,0.022590098990452008,0.3028169014084507,0.03554328271234055,0.24293785310734464,0.028514949972612197,3.7739286722053285,0.7809852978956616
v2a_y_anchored,GLOBAL,BIBLIO+DEBATE5,GBT,1418.0,177.0,0.7512335140696631,0.018456115417569096,0.3619718309859155,0.02668437517794411,0.2903954802259887,0.021407803815073803,5.247141844810929,0.7742013449981576
v2a_y_anchored,GLOBAL,BIBLIO+DEBATE5,LogReg,1418.0,177.0,0.735152760895396,0.017243566877137472,0.3246478873239437,0.025122508590565615,0.2604519774011299,0.02015478090316563,4.2482334850124115,0.6043179447538226
v2a_y_anchored,GLOBAL,BIBLIO+DEBATE5,RF,1418.0,177.0,0.7545664376732815,0.019182182913729737,0.3640845070422535,0.027140219756191554,0.292090395480226,0.021773509634910742,5.3105483668833715,0.795236499419572
v2a_y_anchored,GLOBAL,BIBLIO+DEBATE5,SVM,1418.0,177.0,0.6580857882972089,0.015173360547206166,0.24683098591549296,0.024869279978886952,0.1980225988700565,0.019951625745773718,2.6568927784598206,0.4220534939759029
v2a_y_anchored,GLOBAL,BIBLIO+DEBATE5,XGB,1418.0,177.0,0.7185707717031554,0.019153765136678512,0.3415492957746479,0.022676079359440233,0.2740112994350282,0.01819210886463567,4.669227679358455,0.5912643985027196
